{"loss": [2.904193878173828, 2.925333261489868, 2.9467289447784424, 2.649357318878174, 2.789717435836792, 2.7042484283447266, 2.372194290161133, 2.1793222427368164, 2.263812303543091, 2.076450824737549, 2.861401081085205, 2.460364580154419, 2.1856846809387207, 1.9840747117996216, 1.9371111392974854, 1.6510906219482422, 1.8266210556030273, 1.6806092262268066, 1.4163578748703003, 1.6548720598220825, 1.3431100845336914, 1.5251213312149048, 1.4380961656570435, 1.2884043455123901, 1.1881415843963623, 1.2578351497650146, 1.280007004737854, 1.3865470886230469, 1.309671401977539, 1.3961517810821533, 1.3902831077575684, 1.2744200229644775, 1.2310515642166138, 1.0871832370758057, 3.5767905712127686, 1.2744406461715698, 1.1852869987487793, 1.0813871622085571, 1.0248521566390991, 1.260885238647461, 1.1216892004013062, 1.0296162366867065, 1.211726427078247, 1.3440510034561157, 1.0304936170578003, 1.0963592529296875, 1.125524878501892, 0.9198812246322632, 0.9941361546516418, 0.8727672100067139], "categorical_accuracy": [0.05263157933950424, 0.056530214846134186, 0.07992202788591385, 0.08382066339254379, 0.13645224273204803, 0.11500974744558334, 0.23391813039779663, 0.22027289867401123, 0.1871345043182373, 0.17933723330497742, 0.11890838295221329, 0.17933723330497742, 0.2300194948911667, 0.2514619827270508, 0.2787524461746216, 0.35087719559669495, 0.2923976480960846, 0.34502923488616943, 0.4171539843082428, 0.3547758162021637, 0.4502924084663391, 0.39376217126846313, 0.3957115113735199, 0.49707603454589844, 0.4931773841381073, 0.4736842215061188, 0.4736842215061188, 0.4113060534000397, 0.458089679479599, 0.42690059542655945, 0.45614033937454224, 0.4522417187690735, 0.4931773841381073, 0.5458089709281921, 0.38401558995246887, 0.4600389897823334, 0.4853801131248474, 0.5575048923492432, 0.5769980549812317, 0.471734881401062, 0.5536062121391296, 0.5828459858894348, 0.4931773841381073, 0.46783626079559326, 0.5692007541656494, 0.5380116701126099, 0.5224171280860901, 0.6315789222717285, 0.6159843802452087, 0.6393762230873108]}