{"loss": [18.400718688964844, 4.749927997589111, 4.690142631530762, 18.28737449645996, 18.579118728637695, 5.086446762084961, 3.329667329788208, 2.893220901489258, 2.8862574100494385, 2.899080753326416, 2.8905136585235596, 2.8917031288146973, 2.8902764320373535, 2.8967440128326416, 2.891353130340576, 2.8959643840789795, 2.8889074325561523, 2.8867902755737305, 2.886474847793579, 2.8863158226013184, 2.886159658432007, 2.885873556137085, 2.885673999786377, 2.885328531265259, 2.885167360305786, 2.8849287033081055, 2.884901523590088, 2.8847954273223877, 2.884690523147583, 2.8846302032470703, 2.8846514225006104, 2.8845467567443848, 2.884554862976074, 2.884474515914917, 2.884450674057007, 2.8844354152679443, 2.8844165802001953, 2.884363889694214, 2.8843913078308105, 2.884378671646118, 2.884342670440674, 2.884355306625366, 2.8843531608581543, 2.8842520713806152, 2.8842883110046387, 2.8843159675598145, 2.884279727935791, 2.8842828273773193, 2.8842577934265137, 2.884197473526001], "categorical_accuracy": [0.07212475687265396, 0.056530214846134186, 0.07407407462596893, 0.04288499057292938, 0.06627680361270905, 0.05068226158618927, 0.0487329438328743, 0.05263157933950424, 0.06432748585939407, 0.056530214846134186, 0.054580897092819214, 0.054580897092819214, 0.054580897092819214, 0.054580897092819214, 0.054580897092819214, 0.054580897092819214, 0.054580897092819214, 0.056530214846134186, 0.054580897092819214, 0.054580897092819214, 0.054580897092819214, 0.056530214846134186, 0.05847953259944916, 0.05847953259944916, 0.05847953259944916, 0.05847953259944916, 0.05847953259944916, 0.05847953259944916, 0.05847953259944916, 0.05847953259944916, 0.05847953259944916, 0.05847953259944916, 0.056530214846134186, 0.06042885035276413, 0.06042885035276413, 0.06042885035276413, 0.06042885035276413, 0.056530214846134186, 0.05847953259944916, 0.05847953259944916, 0.05847953259944916, 0.05847953259944916, 0.044834308326244354, 0.05263157933950424, 0.05847953259944916, 0.05847953259944916, 0.05847953259944916, 0.05847953259944916, 0.05847953259944916, 0.05847953259944916]}