{"loss": [7.435858726501465, 3.359574556350708, 3.0818285942077637, 2.889373540878296, 2.895756721496582, 2.797163486480713, 2.7422122955322266, 2.618716239929199, 2.8384664058685303, 2.8409423828125, 2.8405494689941406, 2.7922816276550293, 2.7350733280181885, 2.8414626121520996, 5.203108310699463, 2.84881329536438, 2.80185866355896, 2.7681548595428467, 2.6787755489349365, 2.797557830810547, 2.6458425521850586, 2.514960765838623, 2.421316623687744, 2.5503733158111572, 2.394529342651367, 2.2915027141571045, 2.239567995071411, 2.2204651832580566, 2.3408126831054688, 2.1816153526306152, 2.246990442276001, 2.1422407627105713, 2.0957393646240234, 2.4827511310577393, 2.5603137016296387, 2.2913496494293213, 5.655373573303223, 3.269575595855713, 3.7418572902679443, 2.9413352012634277, 2.8937602043151855, 2.8929944038391113, 2.8929381370544434, 2.8926773071289062, 2.892648696899414, 2.892648220062256, 2.8925442695617676, 2.8924825191497803, 2.89245343208313, 2.8923540115356445, 2.892390012741089, 2.892305612564087, 2.8922529220581055, 2.8922088146209717, 2.8920302391052246, 2.891953706741333, 2.891880512237549, 2.8917508125305176, 2.8917644023895264, 2.891779899597168, 2.891726493835449, 2.891710042953491, 2.8916943073272705, 2.8916709423065186, 2.891519069671631, 2.891427516937256, 2.8914482593536377, 2.8913652896881104, 2.891214370727539, 2.8911941051483154, 2.891160249710083, 2.891115665435791, 2.89101505279541, 2.8909924030303955, 2.8909378051757812, 2.890861988067627, 2.8908352851867676, 2.8908591270446777, 2.890806198120117, 2.890748977661133, 2.890713691711426, 2.890749216079712, 2.8906586170196533, 2.8906984329223633, 2.890627384185791, 2.890688180923462, 2.890511989593506, 2.890545129776001, 2.890458822250366, 2.8904783725738525, 2.8904271125793457, 2.890521764755249, 2.8904237747192383, 2.890425205230713, 2.890428066253662, 2.890408992767334, 2.8904948234558105, 2.8904178142547607, 2.890338659286499, 2.8903696537017822], "categorical_accuracy": [0.05847953259944916, 0.056530214846134186, 0.06042885035276413, 0.06432748585939407, 0.05068226158618927, 0.1247563362121582, 0.10916179418563843, 0.14035087823867798, 0.12670564651489258, 0.09356725215911865, 0.08771929889917374, 0.09941520541906357, 0.10721247643232346, 0.10721247643232346, 0.05068226158618927, 0.13060428202152252, 0.13645224273204803, 0.1461988240480423, 0.17153996229171753, 0.12670564651489258, 0.15399609506130219, 0.16764132678508759, 0.1949317753314972, 0.13450291752815247, 0.16179336607456207, 0.19883041083812714, 0.19103313982486725, 0.18518517911434174, 0.19298245012760162, 0.1812865436077118, 0.22417153418064117, 0.1734892725944519, 0.19298245012760162, 0.16374269127845764, 0.1384015530347824, 0.1871345043182373, 0.10136452317237854, 0.08382066339254379, 0.054580897092819214, 0.056530214846134186, 0.056530214846134186, 0.056530214846134186, 0.056530214846134186, 0.056530214846134186, 0.056530214846134186, 0.056530214846134186, 0.056530214846134186, 0.056530214846134186, 0.056530214846134186, 0.056530214846134186, 0.056530214846134186, 0.056530214846134186, 0.056530214846134186, 0.056530214846134186, 0.056530214846134186, 0.056530214846134186, 0.056530214846134186, 0.056530214846134186, 0.056530214846134186, 0.06042885035276413, 0.05847953259944916, 0.06042885035276413, 0.056530214846134186, 0.056530214846134186, 0.056530214846134186, 0.056530214846134186, 0.056530214846134186, 0.056530214846134186, 0.056530214846134186, 0.056530214846134186, 0.056530214846134186, 0.056530214846134186, 0.05263157933950424, 0.05847953259944916, 0.05847953259944916, 0.05847953259944916, 0.05847953259944916, 0.05847953259944916, 0.05847953259944916, 0.05847953259944916, 0.05847953259944916, 0.05847953259944916, 0.0623781681060791, 0.056530214846134186, 0.056530214846134186, 0.056530214846134186, 0.056530214846134186, 0.056530214846134186, 0.0623781681060791, 0.05847953259944916, 0.05847953259944916, 0.05847953259944916, 0.05847953259944916, 0.05847953259944916, 0.05847953259944916, 0.05847953259944916, 0.05847953259944916, 0.056530214846134186, 0.056530214846134186, 0.04093567281961441]}