{"loss": [9.416940689086914, 10.64845085144043, 30.072725296020508, 8.963788032531738, 5.362784385681152, 3.796312093734741, 2.9274754524230957, 2.891045570373535, 2.8906102180480957, 2.8906233310699463, 2.890632152557373, 2.890636444091797, 2.890634536743164, 2.890596628189087, 2.890673875808716, 2.890671730041504, 2.8905794620513916, 2.890540838241577, 2.8905246257781982, 2.890475034713745, 2.8904664516448975, 2.890437602996826, 2.890427827835083, 2.8904294967651367, 2.890430212020874, 2.890357255935669, 2.8903629779815674, 2.890408515930176, 2.890334367752075, 2.8903627395629883, 2.89035964012146, 2.8903727531433105, 2.8903472423553467, 2.8903167247772217, 2.8903231620788574, 2.89028000831604, 2.890319585800171, 2.8903543949127197, 2.8903188705444336, 2.8903372287750244, 2.890285015106201, 2.890244483947754, 2.8902833461761475, 2.8902580738067627, 2.8901655673980713, 2.890167713165283, 2.890169620513916, 2.8900740146636963, 2.8901288509368896, 2.890028953552246, 2.890033483505249, 2.890005350112915, 2.8899898529052734, 2.89001727104187, 2.8900022506713867, 2.8899757862091064, 2.8898863792419434, 2.889906167984009, 2.8898937702178955, 2.8899142742156982, 2.8898632526397705, 2.8899288177490234, 2.8899130821228027, 2.8899037837982178, 2.889906883239746, 2.8899381160736084, 2.8899009227752686, 2.8898873329162598, 2.889941930770874, 2.889857530593872, 2.88989520072937, 2.8898863792419434, 2.8897974491119385, 2.889775276184082, 2.8898091316223145, 2.88979434967041, 2.8897604942321777, 2.889826774597168, 2.889730930328369, 2.88966965675354, 2.8897035121917725, 2.8896327018737793, 2.889739513397217, 2.889683485031128, 2.8896477222442627, 2.8896613121032715, 2.889686107635498, 2.889671564102173, 2.8896327018737793, 2.8895978927612305, 2.889605760574341, 2.889575242996216, 2.889673948287964, 2.889618396759033, 2.889662027359009, 2.8896255493164062, 2.8896405696868896, 2.889606475830078, 2.8896429538726807, 2.8896942138671875], "categorical_accuracy": [0.06627680361270905, 0.05263157933950424, 0.05068226158618927, 0.06432748585939407, 0.06432748585939407, 0.054580897092819214, 0.05068226158618927, 0.05263157933950424, 0.05263157933950424, 0.05263157933950424, 0.05263157933950424, 0.05263157933950424, 0.05263157933950424, 0.05263157933950424, 0.05263157933950424, 0.05263157933950424, 0.05263157933950424, 0.05263157933950424, 0.05263157933950424, 0.05263157933950424, 0.05263157933950424, 0.05263157933950424, 0.05263157933950424, 0.05263157933950424, 0.05263157933950424, 0.05263157933950424, 0.05263157933950424, 0.05263157933950424, 0.05263157933950424, 0.05263157933950424, 0.05263157933950424, 0.05263157933950424, 0.05263157933950424, 0.05263157933950424, 0.05263157933950424, 0.05263157933950424, 0.05068226158618927, 0.05263157933950424, 0.05263157933950424, 0.05263157933950424, 0.05263157933950424, 0.05263157933950424, 0.05263157933950424, 0.04288499057292938, 0.05847953259944916, 0.05847953259944916, 0.05847953259944916, 0.05847953259944916, 0.05847953259944916, 0.05847953259944916, 0.056530214846134186, 0.05847953259944916, 0.05847953259944916, 0.05847953259944916, 0.05847953259944916, 0.05263157933950424, 0.05847953259944916, 0.05847953259944916, 0.05847953259944916, 0.05847953259944916, 0.05847953259944916, 0.05847953259944916, 0.0487329438328743, 0.05847953259944916, 0.05847953259944916, 0.05847953259944916, 0.05847953259944916, 0.05847953259944916, 0.05847953259944916, 0.05847953259944916, 0.04093567281961441, 0.054580897092819214, 0.044834308326244354, 0.0623781681060791, 0.05847953259944916, 0.05847953259944916, 0.05847953259944916, 0.05847953259944916, 0.05847953259944916, 0.05847953259944916, 0.05847953259944916, 0.05847953259944916, 0.05847953259944916, 0.054580897092819214, 0.05847953259944916, 0.05847953259944916, 0.05847953259944916, 0.05847953259944916, 0.05847953259944916, 0.05847953259944916, 0.05847953259944916, 0.05847953259944916, 0.05847953259944916, 0.05847953259944916, 0.05847953259944916, 0.05847953259944916, 0.05847953259944916, 0.05847953259944916, 0.05847953259944916, 0.05847953259944916]}