{"loss": [2.981926679611206, 2.8940184116363525, 2.9817352294921875, 3.165093421936035, 2.9205541610717773, 2.768831491470337, 2.5259201526641846, 2.846341133117676, 2.669870376586914, 2.5254220962524414, 2.448244333267212, 2.4485089778900146, 2.430840253829956, 2.533036947250366, 2.3317549228668213, 2.464756488800049, 2.24397349357605, 2.399081230163574, 2.3013393878936768, 2.124342203140259, 2.002242088317871, 1.863816261291504, 1.9731465578079224, 1.7165480852127075, 1.95427405834198, 1.7388019561767578, 1.5641841888427734, 1.5212322473526, 1.3766398429870605, 1.9871188402175903, 1.6469299793243408, 1.4134334325790405, 1.4297008514404297, 1.4102776050567627, 1.3137284517288208, 1.2506870031356812, 1.0990853309631348, 1.0310297012329102, 0.9784393906593323, 0.8656549453735352, 1.1456373929977417, 0.9370825886726379, 0.9249120354652405, 0.8950732946395874, 1.0553189516067505, 1.0106089115142822, 2.269571542739868, 1.5719746351242065, 1.1708152294158936, 1.1549690961837769, 1.1205004453659058, 0.9766285419464111, 1.208500862121582, 0.954457700252533, 0.8092255592346191, 0.934144914150238, 0.8176242113113403, 0.7514550685882568, 0.8147348165512085, 0.8558183908462524, 1.1414059400558472, 0.8477180004119873, 0.7832586169242859, 1.5469415187835693, 1.0381370782852173, 0.860364556312561, 0.8874256014823914, 0.7527870535850525, 0.725646436214447, 0.6391096115112305, 1.0294350385665894, 0.789467453956604, 0.636685311794281, 0.6742767691612244, 0.6815383434295654, 2.2499282360076904, 1.2753242254257202, 0.991177499294281, 0.8887596726417542, 1.0610606670379639, 0.8136449456214905, 0.7614110708236694, 0.6634149551391602, 0.6060371994972229, 0.585556149482727, 0.6246954202651978, 0.6338402032852173, 0.5497669577598572, 0.5945096611976624, 0.5720576643943787, 2.1047749519348145, 1.252508282661438, 0.961155891418457, 0.7720538377761841, 0.7411487698554993, 0.8701769709587097, 0.6273311972618103, 0.5785050392150879, 0.5539153218269348, 0.5956664681434631], "categorical_accuracy": [0.06432748585939407, 0.08576998114585876, 0.0760233923792839, 0.08576998114585876, 0.08187134563922882, 0.1384015530347824, 0.17738790810108185, 0.11500974744558334, 0.10916179418563843, 0.12280701845884323, 0.12085770070552826, 0.16959063708782196, 0.15399609506130219, 0.16179336607456207, 0.19688108563423157, 0.17153996229171753, 0.20467835664749146, 0.17543859779834747, 0.17933723330497742, 0.20272904634475708, 0.235867440700531, 0.28070175647735596, 0.21247562766075134, 0.3274853825569153, 0.28070175647735596, 0.3138401508331299, 0.36452242732048035, 0.38596490025520325, 0.4288499057292938, 0.2631579041481018, 0.32163742184638977, 0.4249512553215027, 0.4288499057292938, 0.48148149251937866, 0.5146198868751526, 0.5341130495071411, 0.5945419073104858, 0.5536062121391296, 0.5925925970077515, 0.6608186960220337, 0.5321637392044067, 0.623781681060791, 0.5945419073104858, 0.6393762230873108, 0.5438596606254578, 0.6140350699424744, 0.28070175647735596, 0.4424951374530792, 0.5828459858894348, 0.5438596606254578, 0.5711501240730286, 0.5945419073104858, 0.5341130495071411, 0.6569200754165649, 0.7056530117988586, 0.623781681060791, 0.6822612285614014, 0.7115010023117065, 0.6608186960220337, 0.6510721445083618, 0.5750487446784973, 0.680311918258667, 0.6744639277458191, 0.4327485263347626, 0.6413255333900452, 0.6939570903778076, 0.6432748436927795, 0.7095516324043274, 0.6783625483512878, 0.7368420958518982, 0.6140350699424744, 0.6998050808906555, 0.7368420958518982, 0.6939570903778076, 0.7095516324043274, 0.3547758162021637, 0.5555555820465088, 0.6198830604553223, 0.635477602481842, 0.5925925970077515, 0.6939570903778076, 0.7095516324043274, 0.7621832489967346, 0.7680311799049377, 0.7777777910232544, 0.7290448546409607, 0.7543859481811523, 0.7699804902076721, 0.7407407164573669, 0.7407407164573669, 0.38596490025520325, 0.5185185074806213, 0.635477602481842, 0.680311918258667, 0.6861598491668701, 0.6549707651138306, 0.7621832489967346, 0.7621832489967346, 0.7777777910232544, 0.7231968641281128]}