{"loss": [3.4793736934661865, 2.867489814758301, 2.823484420776367, 2.754772901535034, 2.805081367492676, 2.7561819553375244, 2.686126947402954, 2.7420217990875244, 2.7363052368164062, 2.702544927597046, 2.700000047683716, 2.5639426708221436, 2.628657817840576, 2.527029275894165, 2.467878818511963, 2.342212438583374, 2.3509774208068848, 2.441648006439209, 2.262505054473877, 3.0867295265197754, 2.6557388305664062, 2.4034841060638428, 2.134159803390503, 2.057629108428955, 1.9744209051132202, 1.8180339336395264, 1.8420723676681519, 1.6881979703903198, 1.7994136810302734, 1.6679410934448242, 1.5896961688995361, 1.4666261672973633, 1.4572657346725464, 1.396174669265747, 1.3970755338668823, 6.555800914764404, 2.9919705390930176, 2.7389209270477295, 2.641408681869507, 2.519380569458008, 2.2749156951904297, 2.212402582168579, 2.260587215423584, 2.1859350204467773, 2.175795793533325, 2.0033485889434814, 1.9905149936676025, 1.9147379398345947, 1.8093488216400146, 2.072321891784668, 1.879037857055664, 1.7670880556106567, 1.6237832307815552, 1.8162946701049805, 1.9690337181091309, 1.7015461921691895, 2.0096757411956787, 1.9082881212234497, 1.7393416166305542, 1.618125081062317, 1.6014775037765503, 1.5931082963943481, 1.5249747037887573, 1.8565396070480347, 1.5694217681884766, 1.5805991888046265, 1.7356977462768555, 1.4997260570526123, 1.904901385307312, 1.621092438697815, 1.5114957094192505, 1.4023648500442505, 1.4912681579589844, 1.3863707780838013, 1.5513297319412231, 1.52106511592865, 1.3762191534042358, 1.3044909238815308, 1.3060200214385986, 1.3169244527816772, 1.311254620552063, 2.0200812816619873, 1.526067852973938, 1.4558792114257812, 1.3443405628204346, 1.6387836933135986, 1.3734081983566284, 1.299903154373169, 1.2830997705459595, 1.4825118780136108, 1.3019529581069946, 1.2867852449417114, 1.380075216293335, 1.3272541761398315, 1.2358791828155518, 1.174482822418213, 1.542797327041626, 1.2331793308258057, 1.2032639980316162, 1.1870129108428955], "categorical_accuracy": [0.06822612136602402, 0.056530214846134186, 0.0760233923792839, 0.10331384092569351, 0.08187134563922882, 0.10331384092569351, 0.09356725215911865, 0.10721247643232346, 0.09161793440580368, 0.10721247643232346, 0.14035087823867798, 0.1384015530347824, 0.1325536072254181, 0.12670564651489258, 0.19688108563423157, 0.18518517911434174, 0.14035087823867798, 0.17153996229171753, 0.20272904634475708, 0.1520467847585678, 0.1598440557718277, 0.16764132678508759, 0.17153996229171753, 0.19883041083812714, 0.2222222238779068, 0.2631579041481018, 0.26120856404304504, 0.2923976480960846, 0.24561403691768646, 0.33723196387290955, 0.3606237769126892, 0.4035087823867798, 0.36452242732048035, 0.40740740299224854, 0.4307992160320282, 0.2300194948911667, 0.0974658876657486, 0.1111111119389534, 0.15789473056793213, 0.18323586881160736, 0.19298245012760162, 0.1812865436077118, 0.19883041083812714, 0.23976607620716095, 0.235867440700531, 0.24756334722042084, 0.2573099434375763, 0.26705652475357056, 0.3118908405303955, 0.23196880519390106, 0.29434698820114136, 0.33138400316238403, 0.3528265058994293, 0.30214425921440125, 0.27290448546409607, 0.35672515630722046, 0.22027289867401123, 0.2631579041481018, 0.33138400316238403, 0.35087719559669495, 0.34307992458343506, 0.3411306142807007, 0.3469785451889038, 0.30214425921440125, 0.3606237769126892, 0.3625730872154236, 0.30799219012260437, 0.39961013197898865, 0.2846003770828247, 0.35867446660995483, 0.38401558995246887, 0.39181286096572876, 0.4093567132949829, 0.4366471767425537, 0.3469785451889038, 0.3664717376232147, 0.4522417187690735, 0.4639376103878021, 0.45614033937454224, 0.40545809268951416, 0.44054579734802246, 0.2768031060695648, 0.34307992458343506, 0.3898635506629944, 0.4639376103878021, 0.3820662796497345, 0.4249512553215027, 0.458089679479599, 0.45419102907180786, 0.42105263471603394, 0.4658869504928589, 0.4795321524143219, 0.44834306836128235, 0.4775828421115875, 0.5009746551513672, 0.5009746551513672, 0.376218318939209, 0.5068225860595703, 0.4951266944408417, 0.4912280738353729]}