{"loss": [29.868980407714844, 48.6623649597168, 56.72043991088867, 147.442138671875, 131.55043029785156, 34.412391662597656, 4.5262885093688965, 3.0843279361724854, 3.0360453128814697, 3.0622332096099854, 2.8902618885040283, 2.8902699947357178, 2.890239715576172, 2.8901727199554443, 2.890200138092041, 2.8901448249816895, 2.890162706375122, 2.8901195526123047, 2.890099048614502, 2.8900933265686035, 2.8900699615478516, 2.890009641647339, 2.890028476715088, 2.890005111694336, 2.8900012969970703, 2.8899929523468018, 2.889982223510742, 2.889968156814575, 2.8899917602539062, 2.8899943828582764, 2.890021324157715, 2.8899919986724854, 2.889993667602539, 2.8899996280670166, 2.8900222778320312, 2.890002489089966, 2.890007972717285, 2.889972448348999, 2.8899316787719727, 2.8899688720703125, 2.8899145126342773, 2.889889717102051, 2.8899033069610596, 2.8899359703063965, 2.88993501663208, 2.8898937702178955, 2.8898580074310303, 2.889869451522827, 2.889915704727173, 2.889911651611328], "categorical_accuracy": [0.06627680361270905, 0.05263157933950424, 0.054580897092819214, 0.06042885035276413, 0.04093567281961441, 0.0623781681060791, 0.05847953259944916, 0.0623781681060791, 0.05847953259944916, 0.05847953259944916, 0.05847953259944916, 0.05847953259944916, 0.04288499057292938, 0.056530214846134186, 0.056530214846134186, 0.056530214846134186, 0.056530214846134186, 0.05068226158618927, 0.05847953259944916, 0.05847953259944916, 0.05847953259944916, 0.05847953259944916, 0.05847953259944916, 0.05847953259944916, 0.05847953259944916, 0.05847953259944916, 0.05847953259944916, 0.05847953259944916, 0.05847953259944916, 0.05847953259944916, 0.056530214846134186, 0.05263157933950424, 0.05263157933950424, 0.05263157933950424, 0.04288499057292938, 0.05847953259944916, 0.05847953259944916, 0.05847953259944916, 0.05847953259944916, 0.05847953259944916, 0.05847953259944916, 0.05847953259944916, 0.05847953259944916, 0.05847953259944916, 0.05847953259944916, 0.05847953259944916, 0.05847953259944916, 0.05847953259944916, 0.05847953259944916, 0.05847953259944916]}