{"loss": [11.47916030883789, 2.8768272399902344, 2.8520734310150146, 2.6630635261535645, 2.432785987854004, 2.7654666900634766, 2.6923887729644775, 2.6467058658599854, 2.5238072872161865, 2.4062252044677734, 2.2999632358551025, 2.127108573913574, 2.032783269882202, 1.8711491823196411, 2.461638927459717, 2.1624131202697754, 1.9976704120635986, 1.9880871772766113, 2.0911924839019775, 1.7717798948287964, 1.8291395902633667, 1.7788779735565186, 1.766225814819336, 2.0414013862609863, 1.7894967794418335, 1.8160332441329956, 1.5353155136108398, 3.5031626224517822, 3.3747406005859375, 2.4816081523895264, 2.2781829833984375, 2.5187594890594482, 2.37638521194458, 2.263495683670044, 2.2161667346954346, 2.165543556213379, 2.00852108001709, 1.970376968383789, 2.5859484672546387, 2.2859840393066406, 2.1526238918304443, 1.9837671518325806, 1.9275344610214233, 1.8394033908843994, 1.635010004043579, 1.8485727310180664, 1.7831767797470093, 1.5133588314056396, 1.9151101112365723, 1.6036133766174316], "categorical_accuracy": [0.046783626079559326, 0.09551656991243362, 0.11306042969226837, 0.13060428202152252, 0.19883041083812714, 0.13060428202152252, 0.14035087823867798, 0.11500974744558334, 0.18518517911434174, 0.17933723330497742, 0.20662768185138702, 0.22612085938453674, 0.2495126724243164, 0.30994153022766113, 0.16764132678508759, 0.19883041083812714, 0.2300194948911667, 0.22027289867401123, 0.21052631735801697, 0.30214425921440125, 0.2982456088066101, 0.3118908405303955, 0.32358673214912415, 0.2553606331348419, 0.2651072144508362, 0.33528265357017517, 0.4249512553215027, 0.11695906519889832, 0.1598440557718277, 0.13060428202152252, 0.20467835664749146, 0.15594542026519775, 0.18323586881160736, 0.1734892725944519, 0.17153996229171753, 0.19103313982486725, 0.22612085938453674, 0.23391813039779663, 0.1520467847585678, 0.21832358837127686, 0.22612085938453674, 0.2495126724243164, 0.2553606331348419, 0.3118908405303955, 0.34892788529396057, 0.3001949191093445, 0.33723196387290955, 0.4152046740055084, 0.26705652475357056, 0.37816762924194336]}