{"loss": [13.261487007141113, 7.442288398742676, 3.055016040802002, 3.0465919971466064, 3.7937939167022705, 3.4577419757843018, 2.949718952178955, 2.944218158721924, 2.897860050201416, 3.025827407836914, 2.89768385887146, 2.889902353286743, 2.9151439666748047, 2.889552354812622, 2.8905179500579834, 2.8949227333068848, 2.8894553184509277, 2.8935203552246094, 2.8912973403930664, 2.8898847103118896, 2.890190601348877, 2.889415979385376, 2.889584541320801, 2.8898165225982666, 2.8893542289733887, 2.8889904022216797, 2.8885717391967773, 2.8898727893829346, 2.89029860496521, 2.8906874656677246, 2.889946222305298, 2.889460563659668, 2.889234781265259, 2.88927960395813, 2.8889012336730957, 2.8887360095977783, 2.88857102394104, 2.8882486820220947, 2.887467384338379, 2.8916049003601074, 2.88908314704895, 2.8878629207611084, 2.8869025707244873, 2.8857367038726807, 2.8852956295013428, 2.885727882385254, 2.882150888442993, 2.8824806213378906, 2.8864078521728516, 2.887267589569092, 2.8871326446533203, 2.879556179046631, 2.8173604011535645, 2.790262222290039, 2.835005283355713, 3.0976130962371826, 4.689929008483887, 4.250431537628174, 2.9448702335357666, 2.9208312034606934, 2.889899730682373, 2.889812469482422, 2.889793872833252, 2.8898165225982666, 2.8897626399993896, 2.8897593021392822, 2.889744997024536, 2.889724016189575, 2.889760732650757, 2.889791488647461, 2.889669895172119, 2.889653205871582, 2.8896896839141846, 2.889742136001587, 2.889714002609253, 2.8897321224212646, 2.8897056579589844, 2.8897945880889893, 2.8897805213928223, 2.8898415565490723, 2.889801025390625, 2.88981032371521, 2.8897979259490967, 2.889826536178589, 2.889892578125, 2.8898956775665283, 2.8899383544921875, 2.889874219894409, 2.8899083137512207, 2.889832019805908, 2.8898091316223145, 2.8898189067840576, 2.889805793762207, 2.889759063720703, 2.88976788520813, 2.8897171020507812, 2.8897197246551514, 2.8897385597229004, 2.8896780014038086, 2.8897459506988525], "categorical_accuracy": [0.04093567281961441, 0.07212475687265396, 0.05068226158618927, 0.05263157933950424, 0.05068226158618927, 0.056530214846134186, 0.046783626079559326, 0.0487329438328743, 0.07407407462596893, 0.07017543911933899, 0.046783626079559326, 0.056530214846134186, 0.05068226158618927, 0.054580897092819214, 0.05263157933950424, 0.06042885035276413, 0.054580897092819214, 0.0487329438328743, 0.05263157933950424, 0.0623781681060791, 0.0623781681060791, 0.0623781681060791, 0.054580897092819214, 0.054580897092819214, 0.054580897092819214, 0.054580897092819214, 0.054580897092819214, 0.06822612136602402, 0.07212475687265396, 0.06432748585939407, 0.05263157933950424, 0.07797271013259888, 0.08187134563922882, 0.08576998114585876, 0.08966861665248871, 0.08187134563922882, 0.07212475687265396, 0.07407407462596893, 0.07407407462596893, 0.056530214846134186, 0.06042885035276413, 0.06432748585939407, 0.07992202788591385, 0.06432748585939407, 0.06822612136602402, 0.07797271013259888, 0.09161793440580368, 0.07992202788591385, 0.06627680361270905, 0.06822612136602402, 0.0760233923792839, 0.08382066339254379, 0.08382066339254379, 0.09356725215911865, 0.08771929889917374, 0.08187134563922882, 0.0487329438328743, 0.06627680361270905, 0.06042885035276413, 0.05847953259944916, 0.05847953259944916, 0.05847953259944916, 0.05847953259944916, 0.05847953259944916, 0.05847953259944916, 0.05847953259944916, 0.05847953259944916, 0.05847953259944916, 0.05847953259944916, 0.05847953259944916, 0.05847953259944916, 0.05847953259944916, 0.05847953259944916, 0.05847953259944916, 0.05847953259944916, 0.05847953259944916, 0.05847953259944916, 0.05847953259944916, 0.05847953259944916, 0.05847953259944916, 0.05847953259944916, 0.05847953259944916, 0.05847953259944916, 0.05847953259944916, 0.05847953259944916, 0.05847953259944916, 0.05847953259944916, 0.05847953259944916, 0.05847953259944916, 0.05847953259944916, 0.05847953259944916, 0.05847953259944916, 0.05847953259944916, 0.05847953259944916, 0.05847953259944916, 0.05847953259944916, 0.05847953259944916, 0.05847953259944916, 0.05847953259944916, 0.05847953259944916]}