{"loss": [14.725674629211426, 27.7445125579834, 48.28406524658203, 35.133453369140625, 32.28611373901367, 40.31288528442383, 27.83384895324707, 8.681346893310547, 7.539376735687256, 3.355475664138794, 3.1529488563537598, 3.402416706085205, 2.908735513687134, 2.8901782035827637, 2.8984761238098145, 2.8936121463775635, 2.893923044204712, 2.891127824783325, 2.8901500701904297, 2.8901970386505127, 2.890150547027588, 2.890120029449463, 2.8900911808013916, 2.8901004791259766, 2.890110969543457, 2.890106678009033, 2.890108346939087, 2.8900814056396484, 2.8901424407958984, 2.8901188373565674, 2.8900701999664307, 2.8900606632232666, 2.8900084495544434, 2.8900322914123535, 2.8899693489074707, 2.889925479888916, 2.8899338245391846, 2.889875888824463, 2.889864921569824, 2.8898606300354004, 2.8898377418518066, 2.8898298740386963, 2.889824867248535, 2.889845371246338, 2.8898744583129883, 2.889808177947998, 2.8897767066955566, 2.8897855281829834, 2.889801263809204, 2.8897745609283447], "categorical_accuracy": [0.06822612136602402, 0.03313840180635452, 0.0623781681060791, 0.06042885035276413, 0.03898635506629944, 0.07017543911933899, 0.054580897092819214, 0.0623781681060791, 0.07017543911933899, 0.056530214846134186, 0.04093567281961441, 0.05847953259944916, 0.05068226158618927, 0.054580897092819214, 0.05847953259944916, 0.054580897092819214, 0.054580897092819214, 0.054580897092819214, 0.056530214846134186, 0.05847953259944916, 0.05847953259944916, 0.05847953259944916, 0.05847953259944916, 0.05847953259944916, 0.05847953259944916, 0.05847953259944916, 0.05847953259944916, 0.05847953259944916, 0.0487329438328743, 0.05263157933950424, 0.05847953259944916, 0.05847953259944916, 0.05847953259944916, 0.05847953259944916, 0.05847953259944916, 0.05847953259944916, 0.05847953259944916, 0.05847953259944916, 0.05847953259944916, 0.05847953259944916, 0.05847953259944916, 0.05847953259944916, 0.05847953259944916, 0.05847953259944916, 0.05847953259944916, 0.05847953259944916, 0.05847953259944916, 0.05847953259944916, 0.05847953259944916, 0.054580897092819214]}