{"loss": [2.9632692337036133, 2.826768159866333, 2.7470927238464355, 2.621098041534424, 2.525371789932251, 2.37459135055542, 2.3295834064483643, 2.2149016857147217, 2.196354389190674, 2.060765027999878, 2.0562596321105957, 2.0008392333984375, 1.939916729927063, 1.8903701305389404, 1.8120454549789429, 1.7849823236465454, 1.7447669506072998, 1.7861948013305664, 1.7160604000091553, 1.658604621887207, 1.6472058296203613, 1.6276074647903442, 1.6361805200576782, 1.6081604957580566, 1.5800554752349854, 1.5404155254364014, 1.5158475637435913, 1.4758106470108032, 1.446970820426941, 1.493905782699585, 1.4597585201263428, 1.4338104724884033, 1.3916609287261963, 1.3608341217041016, 1.3518577814102173, 1.352196455001831, 1.3414603471755981, 1.3045347929000854, 1.593113899230957, 1.5577648878097534, 1.486878514289856, 1.485327124595642, 1.4529224634170532, 1.508205771446228, 1.477845311164856, 1.4029529094696045, 1.4097832441329956, 1.387926697731018, 1.407579779624939, 1.3692258596420288, 1.3553775548934937, 1.4658526182174683, 1.5290887355804443, 1.3969780206680298, 1.402948021888733, 1.4150530099868774, 1.3488750457763672, 1.3248909711837769, 1.2821357250213623, 1.3001247644424438, 1.2702516317367554, 1.2809743881225586, 1.224043607711792, 1.2192916870117188, 1.1986018419265747, 1.165325403213501, 1.165055513381958, 1.0973871946334839, 1.2565510272979736, 1.235480785369873, 1.1047592163085938, 1.0505564212799072, 1.0314754247665405, 1.102029800415039, 1.0141428709030151, 0.9792070388793945, 0.9770375490188599, 0.9686307907104492, 1.0373406410217285, 0.9720499515533447, 0.9408357739448547, 0.935331404209137, 0.9782105684280396, 0.9344949722290039, 0.9205804467201233, 0.8983912467956543, 0.9157397150993347, 1.1760954856872559, 1.1552296876907349, 1.1820552349090576, 1.0946747064590454, 1.0383931398391724, 0.9996845722198486, 0.9687067270278931, 0.9630613327026367, 0.9578709006309509, 0.9558435678482056, 0.9257233738899231, 0.9182564616203308, 0.8990157246589661], "categorical_accuracy": [0.07212475687265396, 0.08966861665248871, 0.09551656991243362, 0.15399609506130219, 0.23196880519390106, 0.2573099434375763, 0.22807016968727112, 0.29434698820114136, 0.2904483377933502, 0.32163742184638977, 0.30994153022766113, 0.34502923488616943, 0.3528265058994293, 0.401559442281723, 0.401559442281723, 0.38596490025520325, 0.4288499057292938, 0.35867446660995483, 0.4366471767425537, 0.4853801131248474, 0.4424951374530792, 0.5009746551513672, 0.4307992160320282, 0.5029239654541016, 0.49707603454589844, 0.5185185074806213, 0.5068225860595703, 0.567251443862915, 0.5438596606254578, 0.5029239654541016, 0.539961040019989, 0.5126705765724182, 0.5692007541656494, 0.5925925970077515, 0.5750487446784973, 0.6374269127845764, 0.6101364493370056, 0.5984405279159546, 0.4366471767425537, 0.4639376103878021, 0.48927876353263855, 0.44834306836128235, 0.5068225860595703, 0.48343080282211304, 0.5302144289016724, 0.623781681060791, 0.6062378287315369, 0.6198830604553223, 0.5321637392044067, 0.5906432867050171, 0.6101364493370056, 0.5360623598098755, 0.5263158082962036, 0.5984405279159546, 0.5302144289016724, 0.5575048923492432, 0.5925925970077515, 0.6198830604553223, 0.668615996837616, 0.6296296119689941, 0.6764132380485535, 0.6101364493370056, 0.6764132380485535, 0.5828459858894348, 0.635477602481842, 0.635477602481842, 0.6491228342056274, 0.719298243522644, 0.5711501240730286, 0.5964912176132202, 0.7329434752464294, 0.7465887069702148, 0.7543859481811523, 0.6939570903778076, 0.7719298005104065, 0.7816764116287231, 0.7894737124443054, 0.8148148059844971, 0.7485380172729492, 0.7836257219314575, 0.8148148059844971, 0.8011695742607117, 0.7446393966674805, 0.7875243425369263, 0.7855750322341919, 0.803118884563446, 0.764132559299469, 0.6432748436927795, 0.6530214548110962, 0.6081871390342712, 0.7095516324043274, 0.7368420958518982, 0.7504873275756836, 0.7797271013259888, 0.7563352584838867, 0.7602339386940002, 0.7426900863647461, 0.7602339386940002, 0.7699804902076721, 0.7855750322341919]}