{"loss": [2.933462142944336, 2.8343334197998047, 2.6727728843688965, 2.5474610328674316, 2.424720287322998, 2.286846399307251, 2.2284648418426514, 2.1208267211914062, 2.0687146186828613, 2.065178394317627, 1.980415940284729, 1.909069538116455, 1.8496971130371094, 1.8109828233718872, 1.7354841232299805, 1.7290431261062622, 1.674614667892456, 1.7430576086044312, 1.5932493209838867, 1.6175655126571655, 1.5314844846725464, 1.5494924783706665, 1.4866889715194702, 1.4265350103378296, 1.4150646924972534, 1.3821632862091064, 1.3897885084152222, 1.3465569019317627, 1.2765604257583618, 1.300317406654358, 1.2388900518417358, 1.3291232585906982, 1.694770097732544, 1.4455063343048096, 1.3521020412445068, 1.3678168058395386, 1.2874757051467896, 1.2715009450912476, 1.2199335098266602, 1.1448874473571777, 1.1190290451049805, 1.104533076286316, 1.0931729078292847, 1.075616478919983, 1.0547856092453003, 1.0214558839797974, 1.0403614044189453, 1.0424365997314453, 0.9884609580039978, 0.9628853797912598], "categorical_accuracy": [0.03703703731298447, 0.09941520541906357, 0.16569200158119202, 0.2436647117137909, 0.2553606331348419, 0.3411306142807007, 0.34307992458343506, 0.3411306142807007, 0.34307992458343506, 0.35087719559669495, 0.41325536370277405, 0.401559442281723, 0.4171539843082428, 0.5048732757568359, 0.5087719559669495, 0.4853801131248474, 0.5438596606254578, 0.44834306836128235, 0.5497075915336609, 0.48343080282211304, 0.5769980549812317, 0.5555555820465088, 0.5419103503227234, 0.61208575963974, 0.6393762230873108, 0.6179337501525879, 0.6296296119689941, 0.5964912176132202, 0.6218323707580566, 0.6335282921791077, 0.6452241539955139, 0.567251443862915, 0.3976608216762543, 0.539961040019989, 0.5730994343757629, 0.5808966755867004, 0.5886939764022827, 0.6374269127845764, 0.6491228342056274, 0.6725146174430847, 0.6900584697723389, 0.7037037014961243, 0.668615996837616, 0.6783625483512878, 0.6920077800750732, 0.6764132380485535, 0.6842105388641357, 0.6666666865348816, 0.6842105388641357, 0.7407407164573669]}