{"loss": [2.916490316390991, 2.7676870822906494, 2.6970698833465576, 2.5689971446990967, 2.5017480850219727, 2.440796136856079, 2.3284876346588135, 2.247709274291992, 2.2153377532958984, 2.1360695362091064, 2.082275867462158, 2.030446767807007, 1.9784011840820312, 1.920315146446228, 1.8369145393371582, 1.836403727531433, 1.8369957208633423, 1.7571818828582764, 1.6916170120239258, 1.7033573389053345, 1.66151762008667, 1.6262050867080688, 1.5758687257766724, 1.5439095497131348, 1.5134239196777344, 1.4854707717895508, 1.468841552734375, 1.449898362159729, 1.4225188493728638, 1.6710259914398193, 1.442229986190796, 1.3988838195800781, 1.3731218576431274, 1.3174633979797363, 1.291057825088501, 1.2815765142440796, 1.294199824333191, 1.282693862915039, 1.239176630973816, 1.204133152961731, 1.2428630590438843, 1.2899941205978394, 1.2314438819885254, 1.1561325788497925, 1.1816753149032593, 1.1155164241790771, 1.107047200202942, 1.103018045425415, 1.3410922288894653, 1.3072576522827148], "categorical_accuracy": [0.08576998114585876, 0.11500974744558334, 0.13645224273204803, 0.21832358837127686, 0.22807016968727112, 0.18518517911434174, 0.26705652475357056, 0.3040935695171356, 0.2904483377933502, 0.3957115113735199, 0.34892788529396057, 0.317738801240921, 0.38791424036026, 0.35672515630722046, 0.4230019450187683, 0.40740740299224854, 0.3684210479259491, 0.46198830008506775, 0.44054579734802246, 0.48343080282211304, 0.4444444477558136, 0.516569197177887, 0.5302144289016724, 0.528265118598938, 0.5497075915336609, 0.5594542026519775, 0.5321637392044067, 0.5555555820465088, 0.5594542026519775, 0.4288499057292938, 0.5243664979934692, 0.5536062121391296, 0.5789473652839661, 0.6452241539955139, 0.6530214548110962, 0.6276803016662598, 0.6159843802452087, 0.600389838218689, 0.6432748436927795, 0.6549707651138306, 0.5925925970077515, 0.5730994343757629, 0.6335282921791077, 0.6666666865348816, 0.6335282921791077, 0.6569200754165649, 0.6530214548110962, 0.6257309913635254, 0.5360623598098755, 0.5769980549812317]}