{"loss": [2.9175140857696533, 2.791994571685791, 2.640410900115967, 2.547584056854248, 2.4501349925994873, 2.397754430770874, 2.2632460594177246, 2.2393765449523926, 2.172630548477173, 2.088071584701538, 2.0405218601226807, 1.9982300996780396, 1.9845589399337769, 1.8980345726013184, 1.8553345203399658, 1.811423420906067, 1.812601923942566, 1.7756403684616089, 1.7114845514297485, 1.6738994121551514, 1.610310435295105, 1.612116813659668, 1.5821750164031982, 1.5948971509933472, 1.515310287475586, 1.4808237552642822, 1.5141139030456543, 1.4469043016433716, 1.3875153064727783, 1.3529411554336548, 1.3309557437896729, 1.3342753648757935, 1.2831339836120605, 1.2883810997009277, 1.2515432834625244, 1.2397453784942627, 1.2413076162338257, 1.2529059648513794, 1.1849666833877563, 1.1801292896270752, 1.1687780618667603, 1.5938717126846313, 1.409188985824585, 1.3041784763336182, 1.24070143699646, 1.2302457094192505, 1.2197468280792236, 1.1674060821533203, 1.1972534656524658, 1.1569942235946655], "categorical_accuracy": [0.10916179418563843, 0.0974658876657486, 0.15594542026519775, 0.15594542026519775, 0.25341129302978516, 0.2436647117137909, 0.30799219012260437, 0.317738801240921, 0.3274853825569153, 0.32943469285964966, 0.32358673214912415, 0.3411306142807007, 0.35867446660995483, 0.38401558995246887, 0.446393758058548, 0.4230019450187683, 0.4658869504928589, 0.5224171280860901, 0.471734881401062, 0.5087719559669495, 0.6101364493370056, 0.5087719559669495, 0.5536062121391296, 0.5185185074806213, 0.5711501240730286, 0.5438596606254578, 0.5107212662696838, 0.5847952961921692, 0.5789473652839661, 0.6432748436927795, 0.6744639277458191, 0.5945419073104858, 0.6900584697723389, 0.623781681060791, 0.6471734642982483, 0.6861598491668701, 0.6452241539955139, 0.5867446660995483, 0.6296296119689941, 0.6588693857192993, 0.6452241539955139, 0.4951266944408417, 0.5126705765724182, 0.5769980549812317, 0.6374269127845764, 0.6081871390342712, 0.6432748436927795, 0.6920077800750732, 0.6588693857192993, 0.6959064602851868]}