{"loss": [2.912013292312622, 2.8417699337005615, 2.695225238800049, 2.6111292839050293, 2.5084166526794434, 2.399474620819092, 2.3365559577941895, 2.2724802494049072, 2.1879324913024902, 2.0998363494873047, 2.0751993656158447, 2.012052297592163, 1.933180570602417, 1.8957653045654297, 1.857637643814087, 1.8805359601974487, 1.7996609210968018, 1.8064454793930054, 1.7717081308364868, 1.7593690156936646, 1.781194806098938, 1.6746041774749756, 1.6506043672561646, 1.624375343322754, 1.599976897239685, 1.581679105758667, 1.557806134223938, 1.5390132665634155, 1.5720664262771606, 1.5263575315475464, 1.5273042917251587, 1.4750475883483887, 1.4522240161895752, 1.4526901245117188, 1.4547663927078247, 1.4144580364227295, 1.3762331008911133, 1.3607463836669922, 1.3433034420013428, 1.3447022438049316, 1.3861594200134277, 1.3018049001693726, 1.3039838075637817, 1.3044945001602173, 1.2845890522003174, 1.2844752073287964, 1.3956122398376465, 1.2680898904800415, 1.2073426246643066, 1.24082612991333], "categorical_accuracy": [0.10331384092569351, 0.09551656991243362, 0.23196880519390106, 0.235867440700531, 0.2495126724243164, 0.28849902749061584, 0.29629629850387573, 0.3196881115436554, 0.32163742184638977, 0.3801169693470001, 0.3391812741756439, 0.35867446660995483, 0.39181286096572876, 0.4307992160320282, 0.4230019450187683, 0.4035087823867798, 0.41910332441329956, 0.3976608216762543, 0.4327485263347626, 0.41325536370277405, 0.40545809268951416, 0.43469786643981934, 0.4931773841381073, 0.4931773841381073, 0.5068225860595703, 0.5107212662696838, 0.5107212662696838, 0.6218323707580566, 0.5107212662696838, 0.5360623598098755, 0.5321637392044067, 0.5555555820465088, 0.6159843802452087, 0.5633528232574463, 0.539961040019989, 0.5984405279159546, 0.5964912176132202, 0.6452241539955139, 0.61208575963974, 0.5945419073104858, 0.5087719559669495, 0.6413255333900452, 0.6315789222717285, 0.6491228342056274, 0.6725146174430847, 0.6530214548110962, 0.5925925970077515, 0.6705653071403503, 0.6900584697723389, 0.6491228342056274]}