{"loss": [2.9451255798339844, 2.8583338260650635, 2.7548201084136963, 2.6438677310943604, 2.568664312362671, 2.5049009323120117, 2.434647560119629, 2.330040454864502, 2.2242367267608643, 2.174513101577759, 2.082991600036621, 2.0106287002563477, 1.9809871912002563, 1.9205231666564941, 1.8580186367034912, 1.817450761795044, 1.7474567890167236, 1.7347705364227295, 1.7349673509597778, 1.6701093912124634, 1.6241978406906128, 1.5851589441299438, 1.5666861534118652, 1.5687875747680664, 1.5627171993255615, 1.4960002899169922, 1.456714153289795, 1.4560109376907349, 1.5617605447769165, 1.5321087837219238, 1.4309409856796265, 1.3669884204864502, 1.3304756879806519, 1.2809957265853882, 1.2565761804580688, 1.2585794925689697, 1.227624773979187, 1.2061880826950073, 1.1689542531967163, 1.1562494039535522, 1.1532478332519531, 1.2981206178665161, 1.2448216676712036, 1.1566030979156494, 1.12070894241333, 1.1581498384475708, 1.2417323589324951, 1.098516821861267, 1.1376924514770508, 1.0546005964279175], "categorical_accuracy": [0.0760233923792839, 0.09356725215911865, 0.14035087823867798, 0.15009745955467224, 0.18323586881160736, 0.22807016968727112, 0.25925925374031067, 0.24171540141105652, 0.3001949191093445, 0.2651072144508362, 0.33528265357017517, 0.3625730872154236, 0.37231969833374023, 0.37816762924194336, 0.4152046740055084, 0.4230019450187683, 0.446393758058548, 0.471734881401062, 0.4366471767425537, 0.4385964870452881, 0.5126705765724182, 0.528265118598938, 0.516569197177887, 0.5321637392044067, 0.48148149251937866, 0.5126705765724182, 0.5633528232574463, 0.5321637392044067, 0.4522417187690735, 0.4873294234275818, 0.5497075915336609, 0.6198830604553223, 0.6257309913635254, 0.6276803016662598, 0.635477602481842, 0.6101364493370056, 0.6413255333900452, 0.6549707651138306, 0.6627680063247681, 0.6608186960220337, 0.6627680063247681, 0.5984405279159546, 0.623781681060791, 0.6159843802452087, 0.6647173762321472, 0.6530214548110962, 0.5575048923492432, 0.635477602481842, 0.6335282921791077, 0.6705653071403503]}