{"loss": [2.9650886058807373, 2.870490550994873, 2.7816643714904785, 2.634079933166504, 2.568437099456787, 2.4533751010894775, 2.3853046894073486, 2.2960681915283203, 2.195000171661377, 2.1411890983581543, 2.102677822113037, 2.064213514328003, 2.003821849822998, 1.938681960105896, 1.890332579612732, 1.8427568674087524, 1.7976641654968262, 1.7651888132095337, 1.8078501224517822, 1.7643386125564575, 1.7346210479736328, 1.6746563911437988, 1.6415125131607056, 1.611686110496521, 1.5718470811843872, 1.5515437126159668, 1.5234853029251099, 1.5198721885681152, 1.5487686395645142, 1.5073095560073853, 1.4855809211730957, 1.4216346740722656, 1.430168867111206, 1.4154894351959229, 1.3963310718536377, 1.3530645370483398, 1.3437232971191406, 1.3347997665405273, 1.302513837814331, 1.2630417346954346, 1.2663787603378296, 1.261271357536316, 1.2286583185195923, 1.2079106569290161, 1.1868280172348022, 1.1923292875289917, 1.1378098726272583, 1.2343899011611938, 1.2284507751464844, 1.1766148805618286, 1.1905815601348877, 1.1561367511749268, 1.1769204139709473, 1.1457985639572144, 1.1161832809448242, 1.1367021799087524, 1.0922921895980835, 1.0915478467941284, 1.226049542427063, 1.1962748765945435, 1.1557518243789673, 1.1016831398010254, 1.0434095859527588, 1.0775386095046997, 1.2181423902511597, 1.0916074514389038, 1.024728775024414, 0.9910721182823181, 0.9745923280715942, 1.0160348415374756, 1.0433382987976074, 0.9990905523300171, 0.9493247270584106, 0.924412190914154, 0.903920590877533, 0.900877058506012, 0.8971430063247681, 0.9052917957305908, 0.8596118688583374, 0.8893872499465942, 0.8991065621376038, 0.9187102913856506, 0.8652148842811584, 0.820151686668396, 1.1693016290664673, 1.1158860921859741, 1.0002182722091675, 1.1364145278930664, 0.9965111613273621, 0.8816620707511902, 0.8835249543190002, 0.8852126598358154, 0.8698940277099609, 0.8436156511306763, 0.8327870965003967, 0.9054158329963684, 0.841639518737793, 0.8201519250869751, 0.7901389002799988, 0.7843483686447144], "categorical_accuracy": [0.046783626079559326, 0.10526315867900848, 0.11500974744558334, 0.16179336607456207, 0.17543859779834747, 0.2144249528646469, 0.1871345043182373, 0.2709551751613617, 0.38791424036026, 0.28265106678009033, 0.3391812741756439, 0.33528265357017517, 0.3469785451889038, 0.3801169693470001, 0.4502924084663391, 0.42690059542655945, 0.45614033937454224, 0.44834306836128235, 0.41325536370277405, 0.4307992160320282, 0.4502924084663391, 0.49707603454589844, 0.5126705765724182, 0.5009746551513672, 0.5380116701126099, 0.5243664979934692, 0.5321637392044067, 0.5048732757568359, 0.4795321524143219, 0.5204678177833557, 0.4795321524143219, 0.5497075915336609, 0.5594542026519775, 0.5497075915336609, 0.5477582812309265, 0.5906432867050171, 0.567251443862915, 0.5769980549812317, 0.5984405279159546, 0.5847952961921692, 0.5984405279159546, 0.5886939764022827, 0.6296296119689941, 0.6647173762321472, 0.6335282921791077, 0.6471734642982483, 0.6900584697723389, 0.539961040019989, 0.600389838218689, 0.6023392081260681, 0.5984405279159546, 0.6257309913635254, 0.6413255333900452, 0.6179337501525879, 0.6588693857192993, 0.6471734642982483, 0.6725146174430847, 0.5984405279159546, 0.6023392081260681, 0.6042885184288025, 0.6276803016662598, 0.6042885184288025, 0.6335282921791077, 0.623781681060791, 0.5925925970077515, 0.6413255333900452, 0.6744639277458191, 0.7037037014961243, 0.7309941649436951, 0.6569200754165649, 0.6432748436927795, 0.707602322101593, 0.6861598491668701, 0.7153996229171753, 0.7134503126144409, 0.6588693857192993, 0.7173489332199097, 0.7231968641281128, 0.7465887069702148, 0.7251461744308472, 0.7407407164573669, 0.7387914061546326, 0.7875243425369263, 0.8070175647735596, 0.6530214548110962, 0.6198830604553223, 0.6705653071403503, 0.5925925970077515, 0.6744639277458191, 0.7465887069702148, 0.7621832489967346, 0.7426900863647461, 0.7270955443382263, 0.7894737124443054, 0.7602339386940002, 0.7446393966674805, 0.7446393966674805, 0.7738791704177856, 0.8070175647735596, 0.7914230227470398]}