{"loss": [2.915832757949829, 2.783991813659668, 2.663215160369873, 2.4946694374084473, 2.454322099685669, 2.3112380504608154, 2.2466843128204346, 2.1483957767486572, 2.053086519241333, 1.9383870363235474, 1.9102474451065063, 1.8889273405075073, 1.8358428478240967, 1.7382147312164307, 1.6685997247695923, 1.6484193801879883, 1.5903077125549316, 1.5459933280944824, 1.4670692682266235, 1.4129523038864136, 1.3906043767929077, 1.3446940183639526, 1.3030465841293335, 1.2788814306259155, 1.2593837976455688, 1.2410982847213745, 1.1915935277938843, 1.268823266029358, 1.218890905380249, 1.1423671245574951, 1.1244628429412842, 1.1333377361297607, 1.063262939453125, 1.0719009637832642, 1.0617735385894775, 1.0297659635543823, 1.3173320293426514, 1.172224760055542, 1.107517123222351, 1.0624548196792603, 1.0632249116897583, 1.0393232107162476, 0.977691650390625, 0.9502102732658386, 0.9844766855239868, 0.8962991237640381, 0.9245778322219849, 0.9473142027854919, 0.9706425070762634, 0.9089066386222839, 0.8683080673217773, 0.8258171081542969, 0.8360580205917358, 0.8399516940116882, 0.8640815019607544, 0.7855688333511353, 0.7928587198257446, 0.7763815522193909, 0.7448500990867615, 0.7307237982749939, 0.7568501234054565, 0.720508337020874, 0.705389142036438, 0.7193874716758728, 0.6931191086769104, 0.6650393009185791, 0.676993727684021, 0.9824159741401672, 0.9875047206878662, 1.3430378437042236, 1.0001709461212158, 0.9723640084266663, 0.9175122380256653, 0.8733400106430054, 1.094269871711731, 1.0075305700302124, 0.8679810762405396, 0.8174604177474976, 0.8095129132270813, 0.790178120136261, 0.7940515875816345, 0.955909788608551, 1.1218280792236328, 0.8837200999259949, 0.7671584486961365, 0.7269314527511597, 0.6992965340614319, 0.7349188327789307, 0.7425921559333801, 0.7171955108642578, 0.6800272464752197, 0.6872115135192871, 0.6897821426391602, 0.7949110269546509, 0.8818460702896118, 0.7431228756904602, 0.7089812159538269, 0.6765491366386414, 1.081146240234375, 1.0311696529388428], "categorical_accuracy": [0.07212475687265396, 0.07017543911933899, 0.15789473056793213, 0.21052631735801697, 0.20467835664749146, 0.29434698820114136, 0.29629629850387573, 0.3138401508331299, 0.38791424036026, 0.40740740299224854, 0.401559442281723, 0.40545809268951416, 0.401559442281723, 0.4385964870452881, 0.4873294234275818, 0.4951266944408417, 0.5087719559669495, 0.5029239654541016, 0.516569197177887, 0.5867446660995483, 0.5477582812309265, 0.5653021335601807, 0.5711501240730286, 0.5906432867050171, 0.600389838218689, 0.600389838218689, 0.5984405279159546, 0.5633528232574463, 0.6101364493370056, 0.6549707651138306, 0.6276803016662598, 0.6335282921791077, 0.7056530117988586, 0.6744639277458191, 0.7017543911933899, 0.7134503126144409, 0.5146198868751526, 0.6452241539955139, 0.5906432867050171, 0.6608186960220337, 0.635477602481842, 0.6822612285614014, 0.6939570903778076, 0.6978557705879211, 0.707602322101593, 0.7719298005104065, 0.6998050808906555, 0.6764132380485535, 0.6530214548110962, 0.6920077800750732, 0.7231968641281128, 0.7563352584838867, 0.7153996229171753, 0.7251461744308472, 0.6939570903778076, 0.7816764116287231, 0.7270955443382263, 0.7504873275756836, 0.7621832489967346, 0.7738791704177856, 0.7504873275756836, 0.7953216433525085, 0.8265107274055481, 0.7914230227470398, 0.8382066488265991, 0.8148148059844971, 0.8323586583137512, 0.635477602481842, 0.6530214548110962, 0.4873294234275818, 0.6627680063247681, 0.7309941649436951, 0.7348927855491638, 0.7660818696022034, 0.6140350699424744, 0.6393762230873108, 0.707602322101593, 0.764132559299469, 0.7719298005104065, 0.77582848072052, 0.7699804902076721, 0.7231968641281128, 0.5808966755867004, 0.6842105388641357, 0.7875243425369263, 0.8011695742607117, 0.8187134265899658, 0.7777777910232544, 0.8011695742607117, 0.7894737124443054, 0.7992202639579773, 0.8284600377082825, 0.8167641162872314, 0.7309941649436951, 0.6881091594696045, 0.764132559299469, 0.7680311799049377, 0.7875243425369263, 0.6023392081260681, 0.6393762230873108]}