{"loss": [2.9266185760498047, 2.860764741897583, 2.707714319229126, 2.5833687782287598, 2.5115585327148438, 2.420177459716797, 2.401334047317505, 2.3073596954345703, 2.198251724243164, 2.1630680561065674, 2.056579351425171, 1.9857066869735718, 1.931607961654663, 1.9018404483795166, 1.8599072694778442, 1.8312567472457886, 1.8150420188903809, 1.7556530237197876, 1.7131727933883667, 1.7104672193527222, 1.6544134616851807, 1.6395851373672485, 1.6155132055282593, 1.6112512350082397, 1.601833701133728, 1.5391017198562622, 1.5440657138824463, 1.5349704027175903, 1.504721760749817, 1.5030016899108887, 1.4625813961029053, 1.4905058145523071, 1.414974570274353, 1.4098570346832275, 1.3697261810302734, 1.372448444366455, 1.3809601068496704, 1.329934000968933, 1.2970281839370728, 1.277686357498169, 1.2510697841644287, 1.246557354927063, 1.2175339460372925, 1.3611044883728027, 1.327256202697754, 1.2907813787460327, 1.2569591999053955, 1.2450779676437378, 1.230973243713379, 1.2378941774368286, 1.1976748704910278, 1.1940858364105225, 1.1739321947097778, 1.2520068883895874, 1.1798911094665527, 1.2133615016937256, 1.2044203281402588, 1.2014529705047607, 1.1709699630737305, 1.1615970134735107, 1.1136611700057983, 1.1081030368804932, 1.0858197212219238, 1.1737173795700073, 1.1084563732147217, 1.061935544013977, 1.04768967628479, 1.0576390027999878, 1.0545926094055176, 1.0313102006912231, 1.0342762470245361, 1.0748670101165771, 1.0110867023468018, 0.9882528781890869, 0.990419864654541, 1.037606120109558, 0.9888214468955994, 0.9634624123573303, 0.9625987410545349, 1.0366065502166748, 0.9888735413551331, 0.9983199238777161, 0.9624044895172119, 0.9373841881752014, 0.9339649677276611, 0.972508430480957, 0.9603686928749084, 1.0298675298690796, 0.9224147796630859, 0.884727954864502, 0.9193490147590637, 0.9072974920272827, 0.8782315850257874, 0.8694734573364258, 0.8463014364242554, 0.8400800228118896, 0.8237665891647339, 0.8307977318763733, 0.8289906978607178, 0.8472300171852112], "categorical_accuracy": [0.044834308326244354, 0.08576998114585876, 0.12670564651489258, 0.16569200158119202, 0.235867440700531, 0.2300194948911667, 0.23781676590442657, 0.28654971718788147, 0.33138400316238403, 0.33723196387290955, 0.3742690086364746, 0.37816762924194336, 0.446393758058548, 0.38401558995246887, 0.47563353180885315, 0.4444444477558136, 0.4385964870452881, 0.48148149251937866, 0.5146198868751526, 0.4639376103878021, 0.5808966755867004, 0.45419102907180786, 0.5458089709281921, 0.528265118598938, 0.46978557109832764, 0.5419103503227234, 0.5321637392044067, 0.5204678177833557, 0.5380116701126099, 0.5360623598098755, 0.567251443862915, 0.5419103503227234, 0.6393762230873108, 0.6296296119689941, 0.5984405279159546, 0.5925925970077515, 0.5555555820465088, 0.6101364493370056, 0.668615996837616, 0.635477602481842, 0.6920077800750732, 0.6432748436927795, 0.668615996837616, 0.5224171280860901, 0.5653021335601807, 0.6062378287315369, 0.61208575963974, 0.6374269127845764, 0.6393762230873108, 0.6140350699424744, 0.6296296119689941, 0.6335282921791077, 0.6296296119689941, 0.61208575963974, 0.6432748436927795, 0.623781681060791, 0.5925925970077515, 0.5867446660995483, 0.5984405279159546, 0.6374269127845764, 0.6491228342056274, 0.6920077800750732, 0.6842105388641357, 0.5945419073104858, 0.6452241539955139, 0.6608186960220337, 0.6608186960220337, 0.6842105388641357, 0.668615996837616, 0.6861598491668701, 0.6939570903778076, 0.6530214548110962, 0.6881091594696045, 0.719298243522644, 0.7017543911933899, 0.6452241539955139, 0.7115010023117065, 0.6900584697723389, 0.719298243522644, 0.6705653071403503, 0.6413255333900452, 0.6296296119689941, 0.680311918258667, 0.7251461744308472, 0.7251461744308472, 0.6608186960220337, 0.7153996229171753, 0.6159843802452087, 0.7426900863647461, 0.7426900863647461, 0.7426900863647461, 0.7543859481811523, 0.7582846283912659, 0.7348927855491638, 0.7660818696022034, 0.7719298005104065, 0.8070175647735596, 0.8011695742607117, 0.7875243425369263, 0.7680311799049377]}