{"loss": [2.9904139041900635, 2.8113555908203125, 2.6656315326690674, 2.5176103115081787, 2.4024171829223633, 2.325761079788208, 2.2187302112579346, 2.1261374950408936, 2.050632953643799, 2.018049716949463, 1.9857004880905151, 1.876870036125183, 1.8077024221420288, 1.7760868072509766, 1.7932655811309814, 1.7375773191452026, 1.6660587787628174, 1.6392607688903809, 1.6624048948287964, 1.5975803136825562, 1.5831623077392578, 1.5863122940063477, 1.5180871486663818, 1.4582669734954834, 1.434173583984375, 1.4182621240615845, 1.3817354440689087, 1.3386834859848022, 1.309140920639038, 1.3355495929718018, 1.2620155811309814, 1.2410351037979126, 1.2376422882080078, 1.2402489185333252, 1.146177053451538, 1.139347791671753, 1.1090189218521118, 1.1265027523040771, 1.0773308277130127, 1.1163311004638672, 1.0403666496276855, 1.1446112394332886, 1.3175684213638306, 1.247231364250183, 1.098516583442688, 1.0190057754516602, 0.9847214221954346, 0.9996989965438843, 0.9962823987007141, 0.9568692445755005, 0.9570773839950562, 0.926934003829956, 0.9320418834686279, 1.0232776403427124, 0.913938581943512, 0.9018638134002686, 1.0002424716949463, 0.9270761013031006, 0.8433526754379272, 0.850899338722229, 0.8625311851501465, 0.8603039979934692, 0.835064709186554, 0.8638105988502502, 1.1949650049209595, 1.102892518043518, 1.0676889419555664, 1.0288925170898438, 0.934055745601654, 0.9260358810424805, 0.8719149231910706, 0.8549890518188477, 0.8147428035736084, 0.8635345697402954, 0.971362829208374, 0.9043662548065186, 0.7779873609542847, 0.8070515990257263, 0.7889468669891357, 0.7452516555786133, 0.7323938012123108, 0.7575024962425232, 1.0053505897521973, 0.863052487373352, 0.7882080674171448, 0.7564570307731628, 0.7445670962333679, 0.7283406853675842, 0.7635856866836548, 0.7265304327011108, 0.7027073502540588, 0.6845427751541138, 0.6712759733200073, 0.8298750519752502, 0.8836575150489807, 0.7038848400115967, 0.689844012260437, 0.6689659357070923, 0.6494909524917603, 0.648898184299469], "categorical_accuracy": [0.06627680361270905, 0.08966861665248871, 0.1598440557718277, 0.22027289867401123, 0.2436647117137909, 0.26120856404304504, 0.2709551751613617, 0.31578946113586426, 0.39181286096572876, 0.38401558995246887, 0.32943469285964966, 0.4113060534000397, 0.4502924084663391, 0.4502924084663391, 0.4912280738353729, 0.47563353180885315, 0.5204678177833557, 0.5419103503227234, 0.5302144289016724, 0.5360623598098755, 0.5906432867050171, 0.5302144289016724, 0.5321637392044067, 0.6023392081260681, 0.5360623598098755, 0.5653021335601807, 0.5847952961921692, 0.6452241539955139, 0.6413255333900452, 0.6218323707580566, 0.6705653071403503, 0.6608186960220337, 0.6393762230873108, 0.668615996837616, 0.6705653071403503, 0.7309941649436951, 0.7037037014961243, 0.668615996837616, 0.7115010023117065, 0.6510721445083618, 0.7368420958518982, 0.6276803016662598, 0.5945419073104858, 0.6198830604553223, 0.707602322101593, 0.7212475538253784, 0.7504873275756836, 0.7231968641281128, 0.6978557705879211, 0.7426900863647461, 0.7309941649436951, 0.7816764116287231, 0.7738791704177856, 0.7173489332199097, 0.7407407164573669, 0.7309941649436951, 0.6959064602851868, 0.6920077800750732, 0.7563352584838867, 0.7348927855491638, 0.7270955443382263, 0.7426900863647461, 0.7543859481811523, 0.7251461744308472, 0.6257309913635254, 0.707602322101593, 0.6881091594696045, 0.6959064602851868, 0.7153996229171753, 0.7270955443382263, 0.7894737124443054, 0.764132559299469, 0.8070175647735596, 0.7699804902076721, 0.7134503126144409, 0.7095516324043274, 0.8362573385238647, 0.7699804902076721, 0.7680311799049377, 0.7855750322341919, 0.7933723330497742, 0.7797271013259888, 0.680311918258667, 0.7563352584838867, 0.7855750322341919, 0.7914230227470398, 0.7797271013259888, 0.7738791704177856, 0.7582846283912659, 0.7797271013259888, 0.7563352584838867, 0.7680311799049377, 0.7777777910232544, 0.7309941649436951, 0.6900584697723389, 0.752436637878418, 0.77582848072052, 0.7972709536552429, 0.8362573385238647, 0.7914230227470398]}