{"loss": [2.961301326751709, 2.7701170444488525, 2.6249682903289795, 2.474635124206543, 2.4255876541137695, 2.3581929206848145, 2.264906167984009, 2.1401748657226562, 2.0481271743774414, 2.0186104774475098, 1.9740182161331177, 1.8472968339920044, 1.9073102474212646, 1.7993311882019043, 1.7348954677581787, 1.6760047674179077, 1.6541154384613037, 1.647493839263916, 1.583315372467041, 1.556631326675415, 1.5291273593902588, 1.5244059562683105, 1.487852692604065, 1.459170937538147, 1.4259785413742065, 1.420108675956726, 1.6616336107254028, 1.5446090698242188, 1.572348952293396, 1.4870795011520386, 1.3312442302703857, 1.2919028997421265, 1.2859162092208862, 1.272859811782837, 1.284804105758667, 1.2255595922470093, 1.1726009845733643, 1.1508588790893555, 1.2216893434524536, 1.1532584428787231, 1.1035308837890625, 1.3022818565368652, 1.2246099710464478, 1.1875499486923218, 1.1721101999282837, 1.1347160339355469, 1.1697059869766235, 1.1147706508636475, 1.0788893699645996, 1.0709528923034668], "categorical_accuracy": [0.06627680361270905, 0.10136452317237854, 0.1734892725944519, 0.24171540141105652, 0.23976607620716095, 0.26120856404304504, 0.29629629850387573, 0.3040935695171356, 0.32358673214912415, 0.3333333432674408, 0.3138401508331299, 0.41325536370277405, 0.35672515630722046, 0.41325536370277405, 0.4035087823867798, 0.458089679479599, 0.458089679479599, 0.45614033937454224, 0.5087719559669495, 0.5204678177833557, 0.5126705765724182, 0.5029239654541016, 0.5341130495071411, 0.5711501240730286, 0.5847952961921692, 0.6062378287315369, 0.401559442281723, 0.4912280738353729, 0.4951266944408417, 0.5224171280860901, 0.5886939764022827, 0.6159843802452087, 0.5906432867050171, 0.6159843802452087, 0.5789473652839661, 0.5769980549812317, 0.6218323707580566, 0.623781681060791, 0.5984405279159546, 0.6257309913635254, 0.6588693857192993, 0.516569197177887, 0.6198830604553223, 0.6432748436927795, 0.5789473652839661, 0.6530214548110962, 0.6374269127845764, 0.6569200754165649, 0.6608186960220337, 0.668615996837616]}