{"loss": [2.9032323360443115, 2.761192798614502, 2.6740026473999023, 2.5519933700561523, 2.4178860187530518, 2.350858449935913, 2.2422072887420654, 2.198927879333496, 2.12369441986084, 2.0168192386627197, 1.975913643836975, 1.922204613685608, 1.8836040496826172, 1.8544613122940063, 1.7848340272903442, 1.7530657052993774, 1.7349430322647095, 1.712432622909546, 1.7003556489944458, 1.6546261310577393, 1.6260751485824585, 1.6075063943862915, 1.6003892421722412, 1.529971718788147, 1.5068641901016235, 1.4745101928710938, 1.4662668704986572, 1.7053320407867432, 1.5952577590942383, 1.5905914306640625, 1.5461291074752808, 1.6529197692871094, 1.5939568281173706, 1.5030510425567627, 1.4645920991897583, 1.4532861709594727, 1.429680347442627, 1.4979544878005981, 1.48101806640625, 1.4565755128860474, 1.4053291082382202, 1.3654391765594482, 1.3928054571151733, 1.3288791179656982, 1.2971285581588745, 1.3191330432891846, 1.2885758876800537, 1.2429697513580322, 1.3737214803695679, 1.2875992059707642], "categorical_accuracy": [0.08382066339254379, 0.11890838295221329, 0.17738790810108185, 0.21247562766075134, 0.2573099434375763, 0.2514619827270508, 0.29434698820114136, 0.33723196387290955, 0.2982456088066101, 0.34502923488616943, 0.3391812741756439, 0.35867446660995483, 0.3684210479259491, 0.38401558995246887, 0.39376217126846313, 0.4152046740055084, 0.46783626079559326, 0.4366471767425537, 0.4502924084663391, 0.4366471767425537, 0.4444444477558136, 0.4171539843082428, 0.47563353180885315, 0.5438596606254578, 0.5146198868751526, 0.5048732757568359, 0.5614035129547119, 0.4424951374530792, 0.5087719559669495, 0.46198830008506775, 0.528265118598938, 0.4658869504928589, 0.4931773841381073, 0.5692007541656494, 0.5769980549812317, 0.5360623598098755, 0.5224171280860901, 0.49707603454589844, 0.4912280738353729, 0.49707603454589844, 0.5458089709281921, 0.5964912176132202, 0.5438596606254578, 0.5808966755867004, 0.6140350699424744, 0.5808966755867004, 0.5847952961921692, 0.5828459858894348, 0.5107212662696838, 0.600389838218689]}