{"loss": [2.8867805004119873, 2.771150588989258, 2.6157002449035645, 2.535944700241089, 2.424459934234619, 2.3009300231933594, 2.3294801712036133, 2.2139384746551514, 2.1420016288757324, 2.0492820739746094, 1.9852795600891113, 1.9376301765441895, 1.892307996749878, 1.8518834114074707, 1.7932125329971313, 1.7537659406661987, 1.7450867891311646, 1.7535098791122437, 1.7001603841781616, 1.6608829498291016, 1.665294885635376, 1.5962334871292114, 1.637916922569275, 1.604377269744873, 1.5692559480667114, 1.4874730110168457, 1.5119389295578003, 1.4585081338882446, 1.455832839012146, 1.4124469757080078, 1.384454369544983, 1.3771660327911377, 1.346647024154663, 1.3312499523162842, 1.2860976457595825, 1.251672387123108, 1.2385591268539429, 1.2381205558776855, 1.252109169960022, 1.217086672782898, 1.2135441303253174, 1.1599944829940796, 1.1414024829864502, 1.1241753101348877, 1.1252660751342773, 1.1101945638656616, 1.074488878250122, 1.0548608303070068, 1.0710173845291138, 1.0643173456192017, 1.00166654586792, 1.0093460083007812, 0.9997700452804565, 1.1295363903045654, 0.9919146299362183, 0.9591606259346008, 0.9641448259353638, 0.9517163634300232, 0.9595469832420349, 0.924769401550293, 0.9738811254501343, 1.0998470783233643, 1.0705195665359497, 1.4620351791381836, 1.3831443786621094, 1.1124215126037598, 1.023295521736145, 0.9848785400390625, 1.1497821807861328, 1.0968571901321411, 1.0324852466583252, 1.0334991216659546, 0.998984158039093, 0.9776850938796997, 0.9709881544113159, 0.9309287667274475, 1.2184187173843384, 1.4633793830871582, 1.290848731994629, 1.2205462455749512, 1.2123897075653076, 1.152603030204773, 1.1360054016113281, 1.1376667022705078, 1.1016855239868164, 1.082419991493225, 1.0583518743515015, 1.0318814516067505, 1.0009400844573975, 1.0117332935333252, 0.9920065999031067, 0.9695987105369568, 0.958347499370575, 1.0212005376815796, 1.0196034908294678, 0.9741007685661316, 0.9661229252815247, 0.9562416076660156, 1.0060170888900757, 0.9029504060745239], "categorical_accuracy": [0.10916179418563843, 0.1325536072254181, 0.17933723330497742, 0.18323586881160736, 0.24171540141105652, 0.3040935695171356, 0.25341129302978516, 0.2651072144508362, 0.2651072144508362, 0.33528265357017517, 0.34502923488616943, 0.42690059542655945, 0.3606237769126892, 0.4171539843082428, 0.4093567132949829, 0.5009746551513672, 0.4502924084663391, 0.43469786643981934, 0.4873294234275818, 0.458089679479599, 0.44054579734802246, 0.48343080282211304, 0.43469786643981934, 0.49707603454589844, 0.4931773841381073, 0.5594542026519775, 0.5925925970077515, 0.5750487446784973, 0.5828459858894348, 0.567251443862915, 0.5906432867050171, 0.5828459858894348, 0.6276803016662598, 0.567251443862915, 0.6608186960220337, 0.6179337501525879, 0.6257309913635254, 0.5984405279159546, 0.5730994343757629, 0.6296296119689941, 0.6530214548110962, 0.6198830604553223, 0.6588693857192993, 0.6549707651138306, 0.6822612285614014, 0.6257309913635254, 0.6491228342056274, 0.6569200754165649, 0.6335282921791077, 0.6666666865348816, 0.7134503126144409, 0.6959064602851868, 0.6588693857192993, 0.6081871390342712, 0.6783625483512878, 0.7251461744308472, 0.6647173762321472, 0.6881091594696045, 0.6783625483512878, 0.707602322101593, 0.6939570903778076, 0.6296296119689941, 0.623781681060791, 0.4775828421115875, 0.4795321524143219, 0.5964912176132202, 0.6978557705879211, 0.7037037014961243, 0.6218323707580566, 0.6062378287315369, 0.6335282921791077, 0.6023392081260681, 0.6432748436927795, 0.6218323707580566, 0.6900584697723389, 0.7173489332199097, 0.5458089709281921, 0.446393758058548, 0.567251443862915, 0.6062378287315369, 0.6510721445083618, 0.6783625483512878, 0.6647173762321472, 0.6569200754165649, 0.6647173762321472, 0.7153996229171753, 0.7407407164573669, 0.7543859481811523, 0.7563352584838867, 0.7134503126144409, 0.7212475538253784, 0.7348927855491638, 0.7231968641281128, 0.6998050808906555, 0.7017543911933899, 0.6998050808906555, 0.7173489332199097, 0.7037037014961243, 0.6374269127845764, 0.7270955443382263]}