{"loss": [2.948211431503296, 2.8198869228363037, 2.691802978515625, 2.646555185317993, 2.5353260040283203, 2.443864345550537, 2.4198312759399414, 2.379013776779175, 2.342646837234497, 2.234407663345337, 2.208664655685425, 2.144021511077881, 2.107018232345581, 2.058701276779175, 2.0162155628204346, 1.9611543416976929, 1.8884693384170532, 1.833450198173523, 1.7943719625473022, 1.7315469980239868, 1.7802962064743042, 1.7034943103790283, 1.6640183925628662, 1.608011245727539, 1.5742231607437134, 1.5482538938522339, 1.517844796180725, 1.4762831926345825, 1.442229151725769, 1.4211792945861816, 1.3890092372894287, 1.345849633216858, 1.3714648485183716, 1.338361144065857, 1.2813355922698975, 1.2406586408615112, 1.2455706596374512, 1.1895980834960938, 1.2802997827529907, 1.3089061975479126, 1.1905696392059326, 1.1416634321212769, 1.2087796926498413, 1.1226030588150024, 1.0812753438949585, 1.0553033351898193, 1.0376721620559692, 1.0193523168563843, 1.031288981437683, 1.028792142868042, 1.0225776433944702, 1.0260093212127686, 1.0213321447372437, 1.0150599479675293, 0.9874421954154968, 0.9345946311950684, 0.9596309661865234, 0.9448043704032898, 0.9346917867660522, 0.914651095867157, 0.8899445533752441, 0.8979840278625488, 0.89816814661026, 0.9410030245780945, 0.8694630861282349, 0.888355016708374, 0.8345569372177124, 0.8232954144477844, 0.7897585034370422, 0.7808294296264648, 0.7934263944625854, 0.7883723974227905, 0.7662287354469299, 0.7484175562858582, 0.7437333464622498, 0.751112699508667, 0.8477048873901367, 1.466041088104248, 1.1222337484359741, 0.9051852226257324, 0.8564102649688721, 0.833843469619751, 0.7865921854972839, 0.9218865633010864, 0.7374081611633301, 0.760095477104187, 0.7226083278656006, 0.7531201839447021, 0.7262247800827026, 0.9914445877075195, 0.9031078219413757, 0.8154256939888, 0.7445386648178101, 0.7311364412307739, 0.7154729962348938, 0.7600198984146118, 0.7044641375541687, 0.7455369234085083, 0.6965264678001404, 0.6934723258018494], "categorical_accuracy": [0.03703703731298447, 0.10526315867900848, 0.11890838295221329, 0.11695906519889832, 0.1598440557718277, 0.21247562766075134, 0.2144249528646469, 0.20467835664749146, 0.23781676590442657, 0.27485379576683044, 0.27290448546409607, 0.2904483377933502, 0.34892788529396057, 0.35087719559669495, 0.39961013197898865, 0.37037035822868347, 0.4152046740055084, 0.4873294234275818, 0.4990253448486328, 0.5633528232574463, 0.4366471767425537, 0.4775828421115875, 0.4912280738353729, 0.5204678177833557, 0.5087719559669495, 0.6042885184288025, 0.567251443862915, 0.539961040019989, 0.5516569018363953, 0.5925925970077515, 0.600389838218689, 0.5769980549812317, 0.5984405279159546, 0.6062378287315369, 0.5945419073104858, 0.6491228342056274, 0.6452241539955139, 0.5925925970077515, 0.5984405279159546, 0.5886939764022827, 0.6315789222717285, 0.6647173762321472, 0.61208575963974, 0.6101364493370056, 0.6530214548110962, 0.6608186960220337, 0.6822612285614014, 0.6783625483512878, 0.6491228342056274, 0.668615996837616, 0.6608186960220337, 0.7115010023117065, 0.7017543911933899, 0.7095516324043274, 0.6920077800750732, 0.7173489332199097, 0.7446393966674805, 0.7329434752464294, 0.7504873275756836, 0.7095516324043274, 0.7387914061546326, 0.7095516324043274, 0.752436637878418, 0.6764132380485535, 0.7115010023117065, 0.7368420958518982, 0.752436637878418, 0.7660818696022034, 0.7855750322341919, 0.7777777910232544, 0.7602339386940002, 0.764132559299469, 0.7855750322341919, 0.7894737124443054, 0.8050682544708252, 0.7894737124443054, 0.7212475538253784, 0.5847952961921692, 0.6822612285614014, 0.6842105388641357, 0.6998050808906555, 0.7446393966674805, 0.7387914061546326, 0.6608186960220337, 0.7660818696022034, 0.7621832489967346, 0.7933723330497742, 0.77582848072052, 0.764132559299469, 0.6432748436927795, 0.6647173762321472, 0.7582846283912659, 0.808966875076294, 0.8167641162872314, 0.8362573385238647, 0.7777777910232544, 0.8245614171028137, 0.7738791704177856, 0.803118884563446, 0.7992202639579773]}