{"loss": [2.9089784622192383, 2.865006923675537, 2.778913974761963, 2.7505433559417725, 2.6152853965759277, 2.524470806121826, 2.4233007431030273, 2.3586175441741943, 2.285703659057617, 2.2562685012817383, 2.2021050453186035, 2.1245124340057373, 2.030846357345581, 1.9573659896850586, 1.9273951053619385, 1.8852455615997314, 1.8384027481079102, 1.7581846714019775, 1.7280508279800415, 1.7037485837936401, 1.838598370552063, 1.6805596351623535, 1.6793113946914673, 1.6625604629516602, 1.5802661180496216, 1.7601994276046753, 1.6471455097198486, 1.5460482835769653, 1.5414725542068481, 1.5142744779586792, 1.464351773262024, 1.4381434917449951, 1.5833714008331299, 1.4243297576904297, 1.4249125719070435, 1.3731681108474731, 1.3785320520401, 1.399736762046814, 1.3066457509994507, 1.3664847612380981, 1.3233435153961182, 1.3817161321640015, 1.326306939125061, 1.2905257940292358, 1.3218616247177124, 1.2741342782974243, 1.1932892799377441, 1.203498125076294, 1.1721709966659546, 1.111568808555603], "categorical_accuracy": [0.08771929889917374, 0.10721247643232346, 0.11890838295221329, 0.12085770070552826, 0.20662768185138702, 0.27485379576683044, 0.28654971718788147, 0.28265106678009033, 0.3411306142807007, 0.32943469285964966, 0.3138401508331299, 0.34502923488616943, 0.38596490025520325, 0.4230019450187683, 0.42690059542655945, 0.3820662796497345, 0.40740740299224854, 0.4424951374530792, 0.4600389897823334, 0.471734881401062, 0.37231969833374023, 0.48343080282211304, 0.46978557109832764, 0.48927876353263855, 0.5048732757568359, 0.4171539843082428, 0.528265118598938, 0.5302144289016724, 0.5555555820465088, 0.5380116701126099, 0.5945419073104858, 0.600389838218689, 0.4873294234275818, 0.600389838218689, 0.5438596606254578, 0.6179337501525879, 0.5886939764022827, 0.5711501240730286, 0.6744639277458191, 0.5614035129547119, 0.5964912176132202, 0.5555555820465088, 0.600389838218689, 0.5828459858894348, 0.5575048923492432, 0.5984405279159546, 0.6530214548110962, 0.6471734642982483, 0.6549707651138306, 0.7270955443382263]}