{"loss": [2.9126136302948, 2.808706045150757, 2.628246307373047, 2.5093331336975098, 2.4109182357788086, 2.3549001216888428, 2.3162949085235596, 2.252807855606079, 2.2158451080322266, 2.1253833770751953, 2.077695846557617, 2.060755729675293, 2.0199391841888428, 1.9435741901397705, 1.9079616069793701, 1.8586491346359253, 1.8250261545181274, 1.7711682319641113, 1.7614742517471313, 1.712371826171875, 1.6911181211471558, 1.6677641868591309, 1.6174020767211914, 1.5996171236038208, 1.5566383600234985, 1.535922646522522, 1.5012487173080444, 1.4785038232803345, 1.4400148391723633, 1.4250353574752808, 1.3892860412597656, 1.4102758169174194, 1.3953336477279663, 1.3662770986557007, 1.3744546175003052, 1.2969948053359985, 1.238754153251648, 1.2423489093780518, 1.206253170967102, 1.2195312976837158, 1.1538656949996948, 1.2491072416305542, 1.199910044670105, 1.147405743598938, 1.0940293073654175, 1.0766531229019165, 1.0675396919250488, 1.0475690364837646, 1.0191073417663574, 1.1004149913787842], "categorical_accuracy": [0.10916179418563843, 0.07212475687265396, 0.17738790810108185, 0.21832358837127686, 0.21832358837127686, 0.2631579041481018, 0.28849902749061584, 0.28070175647735596, 0.2651072144508362, 0.34502923488616943, 0.37816762924194336, 0.38596490025520325, 0.31578946113586426, 0.37816762924194336, 0.4035087823867798, 0.4113060534000397, 0.4307992160320282, 0.45419102907180786, 0.4444444477558136, 0.4795321524143219, 0.43469786643981934, 0.471734881401062, 0.4775828421115875, 0.5029239654541016, 0.5204678177833557, 0.539961040019989, 0.5808966755867004, 0.5555555820465088, 0.5808966755867004, 0.6315789222717285, 0.6081871390342712, 0.6276803016662598, 0.5633528232574463, 0.6101364493370056, 0.5594542026519775, 0.6413255333900452, 0.680311918258667, 0.635477602481842, 0.6647173762321472, 0.6218323707580566, 0.6978557705879211, 0.6276803016662598, 0.6549707651138306, 0.6705653071403503, 0.6978557705879211, 0.7290448546409607, 0.7348927855491638, 0.7173489332199097, 0.7329434752464294, 0.668615996837616]}