{"loss": [2.9372012615203857, 2.7499072551727295, 2.6568846702575684, 2.5932741165161133, 2.454498291015625, 2.437894105911255, 2.431586980819702, 2.289978504180908, 2.2023727893829346, 2.2101078033447266, 2.0792651176452637, 2.0935487747192383, 1.9920604228973389, 1.9605400562286377, 1.9633175134658813, 1.8580666780471802, 1.8099617958068848, 1.7645574808120728, 1.783560037612915, 1.6726571321487427, 1.6464645862579346, 1.6102615594863892, 1.5684311389923096, 1.5296604633331299, 1.5050137042999268, 1.4789825677871704, 1.4323965311050415, 1.3957628011703491, 1.4081532955169678, 1.4242980480194092, 1.371050238609314, 1.5579886436462402, 1.4286162853240967, 1.3544023036956787, 1.3271534442901611, 1.2977691888809204, 1.2989250421524048, 1.2637909650802612, 1.2349005937576294, 1.2221183776855469, 1.2232428789138794, 1.222122311592102, 1.2720263004302979, 1.2108267545700073, 1.2299870252609253, 1.198364019393921, 1.1587486267089844, 1.1319406032562256, 1.139786958694458, 1.1244041919708252], "categorical_accuracy": [0.05263157933950424, 0.15789473056793213, 0.13450291752815247, 0.18323586881160736, 0.2144249528646469, 0.23781676590442657, 0.22027289867401123, 0.2651072144508362, 0.317738801240921, 0.2768031060695648, 0.3333333432674408, 0.32943469285964966, 0.38596490025520325, 0.3547758162021637, 0.3469785451889038, 0.41325536370277405, 0.4736842215061188, 0.471734881401062, 0.3976608216762543, 0.5068225860595703, 0.49707603454589844, 0.4990253448486328, 0.5575048923492432, 0.516569197177887, 0.5458089709281921, 0.5984405279159546, 0.6081871390342712, 0.5867446660995483, 0.5575048923492432, 0.5594542026519775, 0.5477582812309265, 0.5068225860595703, 0.5263158082962036, 0.5750487446784973, 0.6023392081260681, 0.61208575963974, 0.6179337501525879, 0.6471734642982483, 0.6393762230873108, 0.6452241539955139, 0.6296296119689941, 0.6588693857192993, 0.5945419073104858, 0.6198830604553223, 0.6588693857192993, 0.635477602481842, 0.623781681060791, 0.6452241539955139, 0.6452241539955139, 0.6627680063247681]}