{"loss": [2.9043679237365723, 2.725188732147217, 2.6083881855010986, 2.5155961513519287, 2.4438419342041016, 2.3275980949401855, 2.2125580310821533, 2.166947603225708, 2.069010019302368, 2.029054641723633, 1.9677844047546387, 1.9030650854110718, 1.8714443445205688, 1.8181298971176147, 1.7948161363601685, 1.7643576860427856, 1.694028615951538, 1.6858248710632324, 1.6413092613220215, 1.5991928577423096, 1.5928528308868408, 1.5470694303512573, 1.4909003973007202, 1.445605993270874, 1.4462840557098389, 1.3802999258041382, 1.4024146795272827, 1.3380236625671387, 1.2952030897140503, 1.270734190940857, 1.322643518447876, 1.2222082614898682, 1.273995041847229, 1.2057942152023315, 1.152413010597229, 1.1744204759597778, 1.1195356845855713, 1.1055142879486084, 1.2753422260284424, 1.4057806730270386, 1.249194860458374, 1.1010191440582275, 1.1246793270111084, 1.0494202375411987, 1.0461262464523315, 1.0211703777313232, 0.9746442437171936, 1.0016543865203857, 0.9676690101623535, 0.9519972801208496, 0.9491209387779236, 0.9982754588127136, 1.2718946933746338, 1.0374281406402588, 0.9077996611595154, 0.9356521964073181, 0.8717038631439209, 0.8569229245185852, 0.8348586559295654, 0.9778589010238647, 0.9416075348854065, 0.8399007320404053, 0.8411544561386108, 0.8617628216743469, 0.8457698225975037, 0.8137784004211426, 0.8512184023857117, 1.08353853225708, 1.1826436519622803, 1.5935307741165161, 1.366136908531189, 1.2894107103347778, 1.2418367862701416, 1.193662166595459, 1.1635624170303345, 1.1322245597839355, 1.0859214067459106, 1.212672233581543, 1.0039745569229126, 1.0968327522277832, 1.0321284532546997, 0.9978165030479431, 0.9151620268821716, 0.8928371667861938, 0.8680687546730042, 1.0206544399261475, 0.9046244025230408, 0.8653527498245239, 0.8374354839324951, 0.8335683345794678, 0.8335771560668945, 0.8039656281471252, 0.809781551361084, 0.9465665817260742, 0.8967398405075073, 0.8721075654029846, 0.8342785835266113, 0.8435385823249817, 0.8040271997451782, 0.8068925738334656], "categorical_accuracy": [0.07797271013259888, 0.13645224273204803, 0.14814814925193787, 0.16374269127845764, 0.16374269127845764, 0.2514619827270508, 0.2514619827270508, 0.25925925374031067, 0.32163742184638977, 0.3391812741756439, 0.34892788529396057, 0.3801169693470001, 0.3684210479259491, 0.4230019450187683, 0.4171539843082428, 0.41910332441329956, 0.4990253448486328, 0.46198830008506775, 0.471734881401062, 0.5029239654541016, 0.48148149251937866, 0.5692007541656494, 0.6159843802452087, 0.6296296119689941, 0.5458089709281921, 0.623781681060791, 0.5614035129547119, 0.5984405279159546, 0.6549707651138306, 0.6452241539955139, 0.5341130495071411, 0.6588693857192993, 0.6179337501525879, 0.6569200754165649, 0.6627680063247681, 0.6081871390342712, 0.6140350699424744, 0.6491228342056274, 0.5516569018363953, 0.5107212662696838, 0.5730994343757629, 0.668615996837616, 0.5925925970077515, 0.6588693857192993, 0.6666666865348816, 0.6647173762321472, 0.7037037014961243, 0.6705653071403503, 0.6861598491668701, 0.7563352584838867, 0.7115010023117065, 0.668615996837616, 0.5516569018363953, 0.6374269127845764, 0.7017543911933899, 0.707602322101593, 0.7387914061546326, 0.7056530117988586, 0.7387914061546326, 0.6744639277458191, 0.6881091594696045, 0.7582846283912659, 0.7485380172729492, 0.7173489332199097, 0.7251461744308472, 0.7348927855491638, 0.7465887069702148, 0.6101364493370056, 0.5594542026519775, 0.41325536370277405, 0.44054579734802246, 0.48927876353263855, 0.5302144289016724, 0.5419103503227234, 0.6335282921791077, 0.6471734642982483, 0.7309941649436951, 0.5536062121391296, 0.6725146174430847, 0.6140350699424744, 0.7153996229171753, 0.7485380172729492, 0.7543859481811523, 0.7621832489967346, 0.7621832489967346, 0.6725146174430847, 0.752436637878418, 0.7309941649436951, 0.8011695742607117, 0.7699804902076721, 0.764132559299469, 0.7953216433525085, 0.8167641162872314, 0.719298243522644, 0.7231968641281128, 0.7465887069702148, 0.7407407164573669, 0.77582848072052, 0.764132559299469, 0.7699804902076721]}