{"loss": [2.912721872329712, 2.7448835372924805, 2.6367380619049072, 2.499377489089966, 2.4833810329437256, 2.334157705307007, 2.253354549407959, 2.2090060710906982, 2.116799831390381, 2.064753770828247, 2.050034999847412, 2.070265769958496, 1.9591333866119385, 1.9283349514007568, 1.8626213073730469, 1.8091431856155396, 1.7654248476028442, 1.80229914188385, 1.7554537057876587, 1.7164256572723389, 1.6530709266662598, 1.6761674880981445, 1.6079381704330444, 1.568895697593689, 1.5529690980911255, 1.5459210872650146, 1.4975045919418335, 1.6059414148330688, 1.5022814273834229, 1.5167970657348633, 1.472123146057129, 1.4111058712005615, 1.3911546468734741, 1.4909864664077759, 1.3723586797714233, 1.3516236543655396, 1.3354045152664185, 1.3357712030410767, 1.2941972017288208, 1.292297124862671, 1.2549337148666382, 1.2479008436203003, 1.2848455905914307, 1.4704338312149048, 1.3722114562988281, 1.2946522235870361, 1.2608740329742432, 1.2280722856521606, 1.2098571062088013, 1.201064944267273, 1.1796408891677856, 1.152174472808838, 1.220819115638733, 1.147383451461792, 1.1151015758514404, 1.1198519468307495, 1.1193811893463135, 1.0823675394058228, 1.1871678829193115, 1.1938117742538452, 1.1727039813995361, 1.0760114192962646, 1.6338105201721191, 1.5566774606704712, 1.450423002243042, 1.3885643482208252, 1.3499361276626587, 1.3232123851776123, 1.2814861536026, 1.354548692703247, 1.2719687223434448, 1.2430630922317505, 1.2261314392089844, 1.208101749420166, 1.4024094343185425, 1.2119439840316772, 1.1911686658859253, 1.1876171827316284, 1.5034657716751099, 1.4399034976959229, 1.416003942489624, 1.3893755674362183, 1.3745977878570557, 1.3406591415405273, 1.3258130550384521, 1.4046627283096313, 1.4041191339492798, 1.3755083084106445, 1.3493764400482178, 1.326810359954834, 1.2794054746627808, 1.2715901136398315, 1.2716917991638184, 1.269959568977356, 1.2559735774993896, 1.2471256256103516, 1.24852454662323, 1.2308686971664429, 1.2334351539611816, 1.2258809804916382], "categorical_accuracy": [0.07212475687265396, 0.13450291752815247, 0.22417153418064117, 0.25925925374031067, 0.19883041083812714, 0.28070175647735596, 0.27290448546409607, 0.3528265058994293, 0.3664717376232147, 0.3684210479259491, 0.35672515630722046, 0.2709551751613617, 0.34307992458343506, 0.3469785451889038, 0.39376217126846313, 0.42690059542655945, 0.44054579734802246, 0.3976608216762543, 0.4152046740055084, 0.446393758058548, 0.516569197177887, 0.46783626079559326, 0.47563353180885315, 0.5146198868751526, 0.48148149251937866, 0.4736842215061188, 0.5711501240730286, 0.4639376103878021, 0.471734881401062, 0.47563353180885315, 0.4873294234275818, 0.5048732757568359, 0.5341130495071411, 0.5126705765724182, 0.5886939764022827, 0.5653021335601807, 0.5419103503227234, 0.5653021335601807, 0.5711501240730286, 0.5497075915336609, 0.5555555820465088, 0.5653021335601807, 0.5555555820465088, 0.4931773841381073, 0.5302144289016724, 0.5692007541656494, 0.5984405279159546, 0.5906432867050171, 0.6296296119689941, 0.6179337501525879, 0.6081871390342712, 0.6140350699424744, 0.5906432867050171, 0.6257309913635254, 0.6374269127845764, 0.5886939764022827, 0.600389838218689, 0.6335282921791077, 0.5750487446784973, 0.5906432867050171, 0.6179337501525879, 0.5964912176132202, 0.4366471767425537, 0.46783626079559326, 0.5497075915336609, 0.5146198868751526, 0.5438596606254578, 0.539961040019989, 0.6062378287315369, 0.5633528232574463, 0.5925925970077515, 0.6296296119689941, 0.6296296119689941, 0.6413255333900452, 0.4853801131248474, 0.6471734642982483, 0.6666666865348816, 0.6588693857192993, 0.46198830008506775, 0.5789473652839661, 0.5847952961921692, 0.5730994343757629, 0.5555555820465088, 0.5789473652839661, 0.623781681060791, 0.5692007541656494, 0.6179337501525879, 0.6023392081260681, 0.5458089709281921, 0.5263158082962036, 0.6276803016662598, 0.5789473652839661, 0.5730994343757629, 0.567251443862915, 0.6062378287315369, 0.5925925970077515, 0.567251443862915, 0.5945419073104858, 0.5711501240730286, 0.5594542026519775]}