{"loss": [2.931278705596924, 2.7557015419006348, 2.625666379928589, 2.5151326656341553, 2.4628124237060547, 2.280500888824463, 2.221626043319702, 2.144190549850464, 2.0665624141693115, 2.022099018096924, 1.9552416801452637, 1.8996714353561401, 1.835036039352417, 1.8274199962615967, 1.7262253761291504, 1.6925996541976929, 1.6653878688812256, 1.615241527557373, 1.5811489820480347, 1.5564773082733154, 1.513786792755127, 1.531349539756775, 1.4730349779129028, 1.4485193490982056, 1.3900576829910278, 1.361043095588684, 1.3303070068359375, 1.3557082414627075, 1.3820058107376099, 1.3287765979766846, 1.3238134384155273, 1.2604161500930786, 1.2220407724380493, 1.2373257875442505, 1.1591647863388062, 1.1284830570220947, 1.1354342699050903, 1.288291335105896, 1.1891460418701172, 1.0848543643951416, 1.1357107162475586, 1.0893830060958862, 1.0980851650238037, 1.0100077390670776, 1.4634792804718018, 1.303952932357788, 1.1716666221618652, 1.077197551727295, 1.105332851409912, 0.9938918948173523, 0.9698204398155212, 1.0055012702941895, 0.9903517365455627, 0.9004548788070679, 0.8996788263320923, 0.8844924569129944, 0.8890120983123779, 0.8494158983230591, 0.844611406326294, 0.8438236713409424, 0.8577284812927246, 0.832110583782196, 0.8287555575370789, 0.8314034938812256, 0.8152839541435242, 0.886343777179718, 0.8322334885597229, 0.785113513469696, 0.7601900696754456, 0.8379220962524414, 0.9215475916862488, 1.0026730298995972, 1.010117530822754, 0.9571577906608582, 0.9448449611663818, 0.8826248645782471, 0.8458739519119263, 0.8072242736816406, 0.9588003754615784, 0.8926217555999756, 0.8054932951927185, 0.7758746147155762, 0.8889460563659668, 0.7669716477394104, 0.7902645468711853, 0.7443056106567383, 0.7275341749191284, 0.6934786438941956, 0.697544515132904, 0.672970712184906, 0.6998701095581055, 0.7195063233375549, 0.6960662603378296, 0.7795171737670898, 0.6989672183990479, 0.6656052470207214, 0.6463732123374939, 0.7598490715026855, 0.8837328553199768, 0.8102837204933167], "categorical_accuracy": [0.0623781681060791, 0.12670564651489258, 0.16569200158119202, 0.2222222238779068, 0.17738790810108185, 0.2846003770828247, 0.25925925374031067, 0.28849902749061584, 0.3528265058994293, 0.33528265357017517, 0.42690059542655945, 0.3801169693470001, 0.4171539843082428, 0.3801169693470001, 0.42105263471603394, 0.471734881401062, 0.446393758058548, 0.5146198868751526, 0.48148149251937866, 0.4775828421115875, 0.5458089709281921, 0.5380116701126099, 0.5692007541656494, 0.5906432867050171, 0.6257309913635254, 0.6042885184288025, 0.6296296119689941, 0.5867446660995483, 0.5692007541656494, 0.5945419073104858, 0.5847952961921692, 0.6374269127845764, 0.6471734642982483, 0.6569200754165649, 0.668615996837616, 0.6822612285614014, 0.6315789222717285, 0.6198830604553223, 0.5847952961921692, 0.707602322101593, 0.6335282921791077, 0.6491228342056274, 0.6530214548110962, 0.719298243522644, 0.5068225860595703, 0.5867446660995483, 0.6432748436927795, 0.6608186960220337, 0.6471734642982483, 0.6939570903778076, 0.7115010023117065, 0.6959064602851868, 0.6998050808906555, 0.7407407164573669, 0.7212475538253784, 0.7504873275756836, 0.7368420958518982, 0.7543859481811523, 0.7465887069702148, 0.7485380172729492, 0.7426900863647461, 0.7270955443382263, 0.7426900863647461, 0.7387914061546326, 0.7231968641281128, 0.7446393966674805, 0.7231968641281128, 0.7173489332199097, 0.7368420958518982, 0.7095516324043274, 0.6842105388641357, 0.6920077800750732, 0.6920077800750732, 0.707602322101593, 0.6608186960220337, 0.6842105388641357, 0.7290448546409607, 0.7329434752464294, 0.7056530117988586, 0.7056530117988586, 0.764132559299469, 0.7719298005104065, 0.7037037014961243, 0.7797271013259888, 0.7426900863647461, 0.7738791704177856, 0.7504873275756836, 0.7953216433525085, 0.7953216433525085, 0.808966875076294, 0.7680311799049377, 0.7738791704177856, 0.7992202639579773, 0.7309941649436951, 0.7699804902076721, 0.7855750322341919, 0.7992202639579773, 0.7270955443382263, 0.6744639277458191, 0.7153996229171753]}